date,state,location,fuel_type,price_cpl
2026-05-14,NSW,Newcastle,diesel,196.9
2026-05-14,NSW,Newcastle,e10,169.5
2026-05-14,NSW,Newcastle,p95,176.7
2026-05-14,NSW,Newcastle,prediesel,197.8
2026-05-14,NSW,Newcastle,ulp91,169.1
2026-05-14,NSW,Sydney,diesel,194.8
2026-05-14,NSW,Sydney,e10,167.5
2026-05-14,NSW,Sydney,p95,186.7
2026-05-14,NSW,Sydney,p98,183.5
2026-05-14,NSW,Sydney,prediesel,207.7
2026-05-14,NSW,Sydney,ulp91,167.4
2026-05-14,QLD,Brisbane,diesel,205.9
2026-05-14,QLD,Brisbane,e10,188.3
2026-05-14,QLD,Brisbane,p95,195.2
2026-05-14,QLD,Brisbane,p98,200.0
2026-05-14,QLD,Brisbane,ulp91,185.7
2026-05-14,QLD,Gladstone,diesel,206.0
2026-05-14,QLD,Gladstone,p95,185.7
2026-05-14,QLD,Gladstone,ulp91,179.2
2026-05-14,QLD,Mackay,diesel,199.9
2026-05-14,QLD,Mackay,e10,173.4
2026-05-14,QLD,Mackay,p95,181.0
2026-05-14,QLD,Mackay,ulp91,173.9
2026-05-14,SA,Birkenhead,diesel,196.4
2026-05-14,SA,Birkenhead,p95,175.6
2026-05-14,SA,Birkenhead,p98,183.0
2026-05-14,SA,Birkenhead,prediesel,197.6
2026-05-14,SA,Birkenhead,ulp91,168.9
2026-05-14,VIC,Melbourne,diesel,195.1
2026-05-14,VIC,Melbourne,e10,169.7
2026-05-14,VIC,Melbourne,p95,175.5
2026-05-14,VIC,Melbourne,p98,182.6
2026-05-14,VIC,Melbourne,prediesel,197.5
2026-05-14,VIC,Melbourne,ulp91,169.0
2026-05-15,NSW,Newcastle,diesel,197.3
2026-05-15,NSW,Newcastle,e10,169.4
2026-05-15,NSW,Newcastle,p95,176.6
2026-05-15,NSW,Newcastle,prediesel,198.2
2026-05-15,NSW,Newcastle,ulp91,169.0
2026-05-15,NSW,Sydney,diesel,195.1
2026-05-15,NSW,Sydney,e10,167.3
2026-05-15,NSW,Sydney,p95,186.6
2026-05-15,NSW,Sydney,p98,183.4
2026-05-15,NSW,Sydney,prediesel,208.1
2026-05-15,NSW,Sydney,ulp91,167.2
2026-05-15,QLD,Brisbane,diesel,205.6
2026-05-15,QLD,Brisbane,e10,187.6
2026-05-15,QLD,Brisbane,p95,195.1
2026-05-15,QLD,Brisbane,p98,199.9
2026-05-15,QLD,Brisbane,ulp91,185.0
2026-05-15,QLD,Gladstone,diesel,206.4
2026-05-15,QLD,Gladstone,p95,185.7
2026-05-15,QLD,Gladstone,ulp91,179.1
2026-05-15,QLD,Mackay,diesel,200.3
2026-05-15,QLD,Mackay,e10,173.2
2026-05-15,QLD,Mackay,p95,180.9
2026-05-15,QLD,Mackay,ulp91,173.8
2026-05-15,SA,Birkenhead,diesel,196.7
2026-05-15,SA,Birkenhead,p95,175.5
2026-05-15,SA,Birkenhead,p98,182.9
2026-05-15,SA,Birkenhead,prediesel,198.0
2026-05-15,SA,Birkenhead,ulp91,168.8
2026-05-15,VIC,Melbourne,diesel,195.4
2026-05-15,VIC,Melbourne,e10,169.6
2026-05-15,VIC,Melbourne,p95,175.4
2026-05-15,VIC,Melbourne,p98,182.6
2026-05-15,VIC,Melbourne,prediesel,196.3
2026-05-15,VIC,Melbourne,ulp91,168.8
2026-05-16,NSW,Newcastle,diesel,197.3
2026-05-16,NSW,Newcastle,e10,169.4
2026-05-16,NSW,Newcastle,p95,176.6
2026-05-16,NSW,Newcastle,prediesel,198.2
2026-05-16,NSW,Newcastle,ulp91,169.0
2026-05-16,NSW,Sydney,diesel,195.1
2026-05-16,NSW,Sydney,e10,167.3
2026-05-16,NSW,Sydney,p95,186.6
2026-05-16,NSW,Sydney,p98,183.4
2026-05-16,NSW,Sydney,prediesel,208.1
2026-05-16,NSW,Sydney,ulp91,167.2
2026-05-16,QLD,Brisbane,diesel,205.6
2026-05-16,QLD,Brisbane,e10,187.6
2026-05-16,QLD,Brisbane,p95,195.1
2026-05-16,QLD,Brisbane,p98,199.9
2026-05-16,QLD,Brisbane,ulp91,185.0
2026-05-16,QLD,Gladstone,diesel,206.4
2026-05-16,QLD,Gladstone,p95,185.7
2026-05-16,QLD,Gladstone,ulp91,179.1
2026-05-16,QLD,Mackay,diesel,200.3
2026-05-16,QLD,Mackay,e10,173.2
2026-05-16,QLD,Mackay,p95,180.9
2026-05-16,QLD,Mackay,ulp91,173.8
2026-05-16,SA,Birkenhead,diesel,196.7
2026-05-16,SA,Birkenhead,p95,175.5
2026-05-16,SA,Birkenhead,p98,182.9
2026-05-16,SA,Birkenhead,prediesel,198.0
2026-05-16,SA,Birkenhead,ulp91,168.8
2026-05-16,VIC,Melbourne,diesel,195.4
2026-05-16,VIC,Melbourne,e10,169.6
2026-05-16,VIC,Melbourne,p95,175.4
2026-05-16,VIC,Melbourne,p98,182.6
2026-05-16,VIC,Melbourne,prediesel,196.3
2026-05-16,VIC,Melbourne,ulp91,168.8
2026-05-17,NSW,Newcastle,diesel,197.3
2026-05-17,NSW,Newcastle,e10,169.4
2026-05-17,NSW,Newcastle,p95,176.6
2026-05-17,NSW,Newcastle,prediesel,198.2
2026-05-17,NSW,Newcastle,ulp91,169.0
2026-05-17,NSW,Sydney,diesel,195.1
2026-05-17,NSW,Sydney,e10,167.3
2026-05-17,NSW,Sydney,p95,186.6
2026-05-17,NSW,Sydney,p98,183.4
2026-05-17,NSW,Sydney,prediesel,208.1
2026-05-17,NSW,Sydney,ulp91,167.2
2026-05-17,QLD,Brisbane,diesel,205.6
2026-05-17,QLD,Brisbane,e10,187.6
2026-05-17,QLD,Brisbane,p95,195.1
2026-05-17,QLD,Brisbane,p98,199.9
2026-05-17,QLD,Brisbane,ulp91,185.0
2026-05-17,QLD,Gladstone,diesel,206.4
2026-05-17,QLD,Gladstone,p95,185.7
2026-05-17,QLD,Gladstone,ulp91,179.1
2026-05-17,QLD,Mackay,diesel,200.3
2026-05-17,QLD,Mackay,e10,173.2
2026-05-17,QLD,Mackay,p95,180.9
2026-05-17,QLD,Mackay,ulp91,173.8
2026-05-17,SA,Birkenhead,diesel,196.7
2026-05-17,SA,Birkenhead,p95,175.5
2026-05-17,SA,Birkenhead,p98,182.9
2026-05-17,SA,Birkenhead,prediesel,198.0
2026-05-17,SA,Birkenhead,ulp91,168.8
2026-05-17,VIC,Melbourne,diesel,195.4
2026-05-17,VIC,Melbourne,e10,169.6
2026-05-17,VIC,Melbourne,p95,175.4
2026-05-17,VIC,Melbourne,p98,182.6
2026-05-17,VIC,Melbourne,prediesel,196.3
2026-05-17,VIC,Melbourne,ulp91,168.8
2026-05-18,NSW,Newcastle,diesel,199.1
2026-05-18,NSW,Newcastle,e10,171.6
2026-05-18,NSW,Newcastle,p95,179.0
2026-05-18,NSW,Newcastle,prediesel,200.0
2026-05-18,NSW,Newcastle,ulp91,171.2
2026-05-18,NSW,Sydney,diesel,196.9
2026-05-18,NSW,Sydney,e10,169.5
2026-05-18,NSW,Sydney,p95,189.0
2026-05-18,NSW,Sydney,p98,185.8
2026-05-18,NSW,Sydney,prediesel,209.9
2026-05-18,NSW,Sydney,ulp91,169.5
2026-05-18,QLD,Brisbane,diesel,206.6
2026-05-18,QLD,Brisbane,e10,188.1
2026-05-18,QLD,Brisbane,p95,196.0
2026-05-18,QLD,Brisbane,p98,200.8
2026-05-18,QLD,Brisbane,ulp91,185.5
2026-05-18,QLD,Gladstone,diesel,208.2
2026-05-18,QLD,Gladstone,p95,188.1
2026-05-18,QLD,Gladstone,ulp91,181.4
2026-05-18,QLD,Mackay,diesel,202.1
2026-05-18,QLD,Mackay,e10,175.4
2026-05-18,QLD,Mackay,p95,183.3
2026-05-18,QLD,Mackay,ulp91,176.1
2026-05-18,SA,Birkenhead,diesel,198.6
2026-05-18,SA,Birkenhead,p95,177.9
2026-05-18,SA,Birkenhead,p98,185.3
2026-05-18,SA,Birkenhead,prediesel,199.8
2026-05-18,SA,Birkenhead,ulp91,171.1
2026-05-18,VIC,Melbourne,diesel,197.3
2026-05-18,VIC,Melbourne,e10,171.7
2026-05-18,VIC,Melbourne,p95,177.8
2026-05-18,VIC,Melbourne,p98,184.9
2026-05-18,VIC,Melbourne,prediesel,198.6
2026-05-18,VIC,Melbourne,ulp91,171.1
2026-05-19,NSW,Newcastle,diesel,201.4
2026-05-19,NSW,Newcastle,e10,174.0
2026-05-19,NSW,Newcastle,p95,181.7
2026-05-19,NSW,Newcastle,prediesel,202.3
2026-05-19,NSW,Newcastle,ulp91,173.9
2026-05-19,NSW,Sydney,diesel,199.2
2026-05-19,NSW,Sydney,e10,172.0
2026-05-19,NSW,Sydney,p95,191.8
2026-05-19,NSW,Sydney,p98,188.6
2026-05-19,NSW,Sydney,prediesel,212.2
2026-05-19,NSW,Sydney,ulp91,172.2
2026-05-19,QLD,Brisbane,diesel,209.1
2026-05-19,QLD,Brisbane,e10,190.1
2026-05-19,QLD,Brisbane,p95,198.3
2026-05-19,QLD,Brisbane,p98,203.1
2026-05-19,QLD,Brisbane,ulp91,187.5
2026-05-19,QLD,Gladstone,diesel,210.5
2026-05-19,QLD,Gladstone,p95,190.8
2026-05-19,QLD,Gladstone,ulp91,184.1
2026-05-19,QLD,Mackay,diesel,204.4
2026-05-19,QLD,Mackay,e10,178.0
2026-05-19,QLD,Mackay,p95,186.0
2026-05-19,QLD,Mackay,ulp91,178.8
2026-05-19,SA,Birkenhead,diesel,200.9
2026-05-19,SA,Birkenhead,p95,180.6
2026-05-19,SA,Birkenhead,p98,188.1
2026-05-19,SA,Birkenhead,prediesel,202.1
2026-05-19,SA,Birkenhead,ulp91,173.7
2026-05-19,VIC,Melbourne,diesel,199.6
2026-05-19,VIC,Melbourne,e10,174.2
2026-05-19,VIC,Melbourne,p95,180.6
2026-05-19,VIC,Melbourne,p98,187.7
2026-05-19,VIC,Melbourne,prediesel,200.9
2026-05-19,VIC,Melbourne,ulp91,173.8
2026-05-20,NSW,Newcastle,diesel,202.9
2026-05-20,NSW,Newcastle,e10,174.6
2026-05-20,NSW,Newcastle,p95,183.3
2026-05-20,NSW,Newcastle,prediesel,203.8
2026-05-20,NSW,Newcastle,ulp91,175.4
2026-05-20,NSW,Sydney,diesel,200.7
2026-05-20,NSW,Sydney,e10,172.6
2026-05-20,NSW,Sydney,p95,193.3
2026-05-20,NSW,Sydney,p98,190.2
2026-05-20,NSW,Sydney,prediesel,213.7
2026-05-20,NSW,Sydney,ulp91,173.7
2026-05-20,QLD,Brisbane,diesel,211.1
2026-05-20,QLD,Brisbane,e10,192.3
2026-05-20,QLD,Brisbane,p95,200.8
2026-05-20,QLD,Brisbane,p98,205.6
2026-05-20,QLD,Brisbane,ulp91,189.7
2026-05-20,QLD,Gladstone,diesel,212.0
2026-05-20,QLD,Gladstone,p95,192.4
2026-05-20,QLD,Gladstone,ulp91,185.6
2026-05-20,QLD,Mackay,diesel,205.9
2026-05-20,QLD,Mackay,e10,179.7
2026-05-20,QLD,Mackay,p95,187.6
2026-05-20,QLD,Mackay,ulp91,180.3
2026-05-20,SA,Birkenhead,diesel,202.4
2026-05-20,SA,Birkenhead,p95,182.2
2026-05-20,SA,Birkenhead,p98,189.6
2026-05-20,SA,Birkenhead,prediesel,203.6
2026-05-20,SA,Birkenhead,ulp91,175.2
2026-05-20,VIC,Melbourne,diesel,201.1
2026-05-20,VIC,Melbourne,e10,174.8
2026-05-20,VIC,Melbourne,p95,182.2
2026-05-20,VIC,Melbourne,p98,189.3
2026-05-20,VIC,Melbourne,prediesel,202.4
2026-05-20,VIC,Melbourne,ulp91,175.3
2026-05-21,NSW,Newcastle,diesel,203.3
2026-05-21,NSW,Newcastle,e10,174.9
2026-05-21,NSW,Newcastle,p95,183.7
2026-05-21,NSW,Newcastle,prediesel,204.2
2026-05-21,NSW,Newcastle,ulp91,175.9
2026-05-21,NSW,Sydney,diesel,201.1
2026-05-21,NSW,Sydney,e10,172.9
2026-05-21,NSW,Sydney,p95,193.8
2026-05-21,NSW,Sydney,p98,190.6
2026-05-21,NSW,Sydney,prediesel,214.1
2026-05-21,NSW,Sydney,ulp91,174.1
2026-05-21,QLD,Brisbane,diesel,212.6
2026-05-21,QLD,Brisbane,e10,193.6
2026-05-21,QLD,Brisbane,p95,202.0
2026-05-21,QLD,Brisbane,p98,206.8
2026-05-21,QLD,Brisbane,ulp91,191.0
2026-05-21,QLD,Gladstone,diesel,212.4
2026-05-21,QLD,Gladstone,p95,192.9
2026-05-21,QLD,Gladstone,ulp91,186.1
2026-05-21,QLD,Mackay,diesel,206.3
2026-05-21,QLD,Mackay,e10,180.1
2026-05-21,QLD,Mackay,p95,188.1
2026-05-21,QLD,Mackay,ulp91,180.8
2026-05-21,SA,Birkenhead,diesel,202.8
2026-05-21,SA,Birkenhead,p95,182.7
2026-05-21,SA,Birkenhead,p98,190.1
2026-05-21,SA,Birkenhead,prediesel,204.0
2026-05-21,SA,Birkenhead,ulp91,175.7
2026-05-21,VIC,Melbourne,diesel,201.5
2026-05-21,VIC,Melbourne,e10,175.1
2026-05-21,VIC,Melbourne,p95,182.6
2026-05-21,VIC,Melbourne,p98,189.8
2026-05-21,VIC,Melbourne,prediesel,202.4
2026-05-21,VIC,Melbourne,ulp91,175.8
2026-05-22,NSW,Newcastle,diesel,203.1
2026-05-22,NSW,Newcastle,e10,174.0
2026-05-22,NSW,Newcastle,p95,182.7
2026-05-22,NSW,Newcastle,prediesel,203.9
2026-05-22,NSW,Newcastle,ulp91,174.9
2026-05-22,NSW,Sydney,diesel,200.9
2026-05-22,NSW,Sydney,e10,172.0
2026-05-22,NSW,Sydney,p95,192.7
2026-05-22,NSW,Sydney,p98,189.6
2026-05-22,NSW,Sydney,prediesel,213.9
2026-05-22,NSW,Sydney,ulp91,173.2
2026-05-22,QLD,Brisbane,diesel,212.3
2026-05-22,QLD,Brisbane,e10,193.4
2026-05-22,QLD,Brisbane,p95,201.5
2026-05-22,QLD,Brisbane,p98,206.4
2026-05-22,QLD,Brisbane,ulp91,190.8
2026-05-22,QLD,Gladstone,diesel,212.2
2026-05-22,QLD,Gladstone,p95,191.8
2026-05-22,QLD,Gladstone,ulp91,185.2
2026-05-22,QLD,Mackay,diesel,206.1
2026-05-22,QLD,Mackay,e10,179.2
2026-05-22,QLD,Mackay,p95,187.1
2026-05-22,QLD,Mackay,ulp91,179.8
2026-05-22,SA,Birkenhead,diesel,202.5
2026-05-22,SA,Birkenhead,p95,181.6
2026-05-22,SA,Birkenhead,p98,189.1
2026-05-22,SA,Birkenhead,prediesel,203.8
2026-05-22,SA,Birkenhead,ulp91,174.8
2026-05-22,VIC,Melbourne,diesel,201.3
2026-05-22,VIC,Melbourne,e10,174.2
2026-05-22,VIC,Melbourne,p95,181.6
2026-05-22,VIC,Melbourne,p98,188.7
2026-05-22,VIC,Melbourne,prediesel,202.1
2026-05-22,VIC,Melbourne,ulp91,174.8
2026-05-23,NSW,Newcastle,diesel,203.1
2026-05-23,NSW,Newcastle,e10,174.0
2026-05-23,NSW,Newcastle,p95,182.7
2026-05-23,NSW,Newcastle,prediesel,203.9
2026-05-23,NSW,Newcastle,ulp91,174.9
2026-05-23,NSW,Sydney,diesel,200.9
2026-05-23,NSW,Sydney,e10,172.0
2026-05-23,NSW,Sydney,p95,192.7
2026-05-23,NSW,Sydney,p98,189.6
2026-05-23,NSW,Sydney,prediesel,213.9
2026-05-23,NSW,Sydney,ulp91,173.2
2026-05-23,QLD,Brisbane,diesel,212.3
2026-05-23,QLD,Brisbane,e10,193.4
2026-05-23,QLD,Brisbane,p95,201.5
2026-05-23,QLD,Brisbane,p98,206.4
2026-05-23,QLD,Brisbane,ulp91,190.8
2026-05-23,QLD,Gladstone,diesel,212.2
2026-05-23,QLD,Gladstone,p95,191.8
2026-05-23,QLD,Gladstone,ulp91,185.2
2026-05-23,QLD,Mackay,diesel,206.1
2026-05-23,QLD,Mackay,e10,179.2
2026-05-23,QLD,Mackay,p95,187.1
2026-05-23,QLD,Mackay,ulp91,179.8
2026-05-23,SA,Birkenhead,diesel,202.5
2026-05-23,SA,Birkenhead,p95,181.6
2026-05-23,SA,Birkenhead,p98,189.1
2026-05-23,SA,Birkenhead,prediesel,203.8
2026-05-23,SA,Birkenhead,ulp91,174.8
2026-05-23,VIC,Melbourne,diesel,201.3
2026-05-23,VIC,Melbourne,e10,174.2
2026-05-23,VIC,Melbourne,p95,181.6
2026-05-23,VIC,Melbourne,p98,188.7
2026-05-23,VIC,Melbourne,prediesel,202.1
2026-05-23,VIC,Melbourne,ulp91,174.8
2026-05-24,NSW,Newcastle,diesel,203.1
2026-05-24,NSW,Newcastle,e10,174.0
2026-05-24,NSW,Newcastle,p95,182.7
2026-05-24,NSW,Newcastle,prediesel,203.9
2026-05-24,NSW,Newcastle,ulp91,174.9
2026-05-24,NSW,Sydney,diesel,200.9
2026-05-24,NSW,Sydney,e10,172.0
2026-05-24,NSW,Sydney,p95,192.7
2026-05-24,NSW,Sydney,p98,189.6
2026-05-24,NSW,Sydney,prediesel,213.9
2026-05-24,NSW,Sydney,ulp91,173.2
2026-05-24,QLD,Brisbane,diesel,212.3
2026-05-24,QLD,Brisbane,e10,193.4
2026-05-24,QLD,Brisbane,p95,201.5
2026-05-24,QLD,Brisbane,p98,206.4
2026-05-24,QLD,Brisbane,ulp91,190.8
2026-05-24,QLD,Gladstone,diesel,212.2
2026-05-24,QLD,Gladstone,p95,191.8
2026-05-24,QLD,Gladstone,ulp91,185.2
2026-05-24,QLD,Mackay,diesel,206.1
2026-05-24,QLD,Mackay,e10,179.2
2026-05-24,QLD,Mackay,p95,187.1
2026-05-24,QLD,Mackay,ulp91,179.8
2026-05-24,SA,Birkenhead,diesel,202.5
2026-05-24,SA,Birkenhead,p95,181.6
2026-05-24,SA,Birkenhead,p98,189.1
2026-05-24,SA,Birkenhead,prediesel,203.8
2026-05-24,SA,Birkenhead,ulp91,174.8
2026-05-24,VIC,Melbourne,diesel,201.3
2026-05-24,VIC,Melbourne,e10,174.2
2026-05-24,VIC,Melbourne,p95,181.6
2026-05-24,VIC,Melbourne,p98,188.7
2026-05-24,VIC,Melbourne,prediesel,202.1
2026-05-24,VIC,Melbourne,ulp91,174.8
2026-05-25,NSW,Newcastle,diesel,201.6
2026-05-25,NSW,Newcastle,e10,173.1
2026-05-25,NSW,Newcastle,p95,181.5
2026-05-25,NSW,Newcastle,prediesel,202.5
2026-05-25,NSW,Newcastle,ulp91,173.8
2026-05-25,NSW,Sydney,diesel,199.4
2026-05-25,NSW,Sydney,e10,171.0
2026-05-25,NSW,Sydney,p95,191.6
2026-05-25,NSW,Sydney,p98,188.5
2026-05-25,NSW,Sydney,prediesel,211.3
2026-05-25,NSW,Sydney,ulp91,172.1
2026-05-25,QLD,Brisbane,diesel,210.9
2026-05-25,QLD,Brisbane,e10,192.5
2026-05-25,QLD,Brisbane,p95,200.4
2026-05-25,QLD,Brisbane,p98,205.2
2026-05-25,QLD,Brisbane,ulp91,189.9
2026-05-25,QLD,Gladstone,diesel,210.8
2026-05-25,QLD,Gladstone,p95,190.7
2026-05-25,QLD,Gladstone,ulp91,184.1
2026-05-25,QLD,Mackay,diesel,204.7
2026-05-25,QLD,Mackay,e10,178.3
2026-05-25,QLD,Mackay,p95,185.9
2026-05-25,QLD,Mackay,ulp91,178.8
2026-05-25,SA,Birkenhead,diesel,201.1
2026-05-25,SA,Birkenhead,p95,180.5
2026-05-25,SA,Birkenhead,p98,188.0
2026-05-25,SA,Birkenhead,prediesel,202.3
2026-05-25,SA,Birkenhead,ulp91,173.7
2026-05-25,VIC,Melbourne,diesel,199.8
2026-05-25,VIC,Melbourne,e10,173.3
2026-05-25,VIC,Melbourne,p95,180.4
2026-05-25,VIC,Melbourne,p98,187.6
2026-05-25,VIC,Melbourne,prediesel,200.7
2026-05-25,VIC,Melbourne,ulp91,173.7
2026-05-26,NSW,Newcastle,diesel,199.3
2026-05-26,NSW,Newcastle,e10,171.4
2026-05-26,NSW,Newcastle,p95,179.7
2026-05-26,NSW,Newcastle,prediesel,200.2
2026-05-26,NSW,Newcastle,ulp91,172.1
2026-05-26,NSW,Sydney,diesel,197.1
2026-05-26,NSW,Sydney,e10,169.4
2026-05-26,NSW,Sydney,p95,189.7
2026-05-26,NSW,Sydney,p98,186.6
2026-05-26,NSW,Sydney,prediesel,209.0
2026-05-26,NSW,Sydney,ulp91,170.3
2026-05-26,QLD,Brisbane,diesel,208.5
2026-05-26,QLD,Brisbane,e10,191.2
2026-05-26,QLD,Brisbane,p95,198.5
2026-05-26,QLD,Brisbane,p98,203.3
2026-05-26,QLD,Brisbane,ulp91,188.6
2026-05-26,QLD,Gladstone,diesel,208.4
2026-05-26,QLD,Gladstone,p95,188.8
2026-05-26,QLD,Gladstone,ulp91,182.3
2026-05-26,QLD,Mackay,diesel,202.3
2026-05-26,QLD,Mackay,e10,176.7
2026-05-26,QLD,Mackay,p95,184.0
2026-05-26,QLD,Mackay,ulp91,177.0
2026-05-26,SA,Birkenhead,diesel,198.8
2026-05-26,SA,Birkenhead,p95,178.6
2026-05-26,SA,Birkenhead,p98,186.1
2026-05-26,SA,Birkenhead,prediesel,200.0
2026-05-26,SA,Birkenhead,ulp91,171.9
2026-05-26,VIC,Melbourne,diesel,197.5
2026-05-26,VIC,Melbourne,e10,171.7
2026-05-26,VIC,Melbourne,p95,178.6
2026-05-26,VIC,Melbourne,p98,185.7
2026-05-26,VIC,Melbourne,prediesel,198.4
2026-05-26,VIC,Melbourne,ulp91,172.0
2026-05-27,NSW,Newcastle,diesel,196.7
2026-05-27,NSW,Newcastle,e10,169.8
2026-05-27,NSW,Newcastle,p95,177.7
2026-05-27,NSW,Newcastle,prediesel,197.6
2026-05-27,NSW,Newcastle,ulp91,170.1
2026-05-27,NSW,Sydney,diesel,194.6
2026-05-27,NSW,Sydney,e10,167.8
2026-05-27,NSW,Sydney,p95,187.7
2026-05-27,NSW,Sydney,p98,184.6
2026-05-27,NSW,Sydney,prediesel,206.4
2026-05-27,NSW,Sydney,ulp91,168.4
2026-05-27,QLD,Brisbane,diesel,205.8
2026-05-27,QLD,Brisbane,e10,189.5
2026-05-27,QLD,Brisbane,p95,196.3
2026-05-27,QLD,Brisbane,p98,201.2
2026-05-27,QLD,Brisbane,ulp91,186.9
2026-05-27,QLD,Gladstone,diesel,205.8
2026-05-27,QLD,Gladstone,p95,186.8
2026-05-27,QLD,Gladstone,ulp91,180.4
2026-05-27,QLD,Mackay,diesel,199.8
2026-05-27,QLD,Mackay,e10,174.9
2026-05-27,QLD,Mackay,p95,182.1
2026-05-27,QLD,Mackay,ulp91,175.0
2026-05-27,SA,Birkenhead,diesel,196.2
2026-05-27,SA,Birkenhead,p95,176.7
2026-05-27,SA,Birkenhead,p98,184.1
2026-05-27,SA,Birkenhead,prediesel,197.4
2026-05-27,SA,Birkenhead,ulp91,170.0
2026-05-27,VIC,Melbourne,diesel,194.9
2026-05-27,VIC,Melbourne,e10,170.0
2026-05-27,VIC,Melbourne,p95,176.6
2026-05-27,VIC,Melbourne,p98,183.8
2026-05-27,VIC,Melbourne,prediesel,195.8
2026-05-27,VIC,Melbourne,ulp91,170.0
2026-05-28,NSW,Newcastle,diesel,193.0
2026-05-28,NSW,Newcastle,e10,167.0
2026-05-28,NSW,Newcastle,p95,176.1
2026-05-28,NSW,Newcastle,prediesel,193.9
2026-05-28,NSW,Newcastle,ulp91,167.0
2026-05-28,NSW,Sydney,diesel,190.8
2026-05-28,NSW,Sydney,e10,164.9
2026-05-28,NSW,Sydney,p95,186.2
2026-05-28,NSW,Sydney,p98,181.9
2026-05-28,NSW,Sydney,prediesel,202.7
2026-05-28,NSW,Sydney,ulp91,165.2
2026-05-28,QLD,Brisbane,diesel,204.2
2026-05-28,QLD,Brisbane,e10,188.2
2026-05-28,QLD,Brisbane,p95,194.6
2026-05-28,QLD,Brisbane,p98,199.5
2026-05-28,QLD,Brisbane,ulp91,185.6
2026-05-28,QLD,Gladstone,diesel,202.1
2026-05-28,QLD,Gladstone,p95,184.1
2026-05-28,QLD,Gladstone,ulp91,177.0
2026-05-28,QLD,Mackay,diesel,196.0
2026-05-28,QLD,Mackay,e10,171.9
2026-05-28,QLD,Mackay,p95,179.3
2026-05-28,QLD,Mackay,ulp91,171.7
2026-05-28,SA,Birkenhead,diesel,192.3
2026-05-28,SA,Birkenhead,p95,173.7
2026-05-28,SA,Birkenhead,p98,180.9
2026-05-28,SA,Birkenhead,prediesel,193.6
2026-05-28,SA,Birkenhead,ulp91,167.0
2026-05-28,VIC,Melbourne,diesel,191.3
2026-05-28,VIC,Melbourne,e10,166.9
2026-05-28,VIC,Melbourne,p95,174.1
2026-05-28,VIC,Melbourne,p98,180.6
2026-05-28,VIC,Melbourne,prediesel,192.2
2026-05-28,VIC,Melbourne,ulp91,166.6
2026-05-29,NSW,Newcastle,diesel,189.7
2026-05-29,NSW,Newcastle,e10,164.0
2026-05-29,NSW,Newcastle,p95,172.8
2026-05-29,NSW,Newcastle,prediesel,190.5
2026-05-29,NSW,Newcastle,ulp91,163.7
2026-05-29,NSW,Sydney,diesel,187.5
2026-05-29,NSW,Sydney,e10,162.0
2026-05-29,NSW,Sydney,p95,182.9
2026-05-29,NSW,Sydney,p98,178.6
2026-05-29,NSW,Sydney,prediesel,199.4
2026-05-29,NSW,Sydney,ulp91,162.0
2026-05-29,QLD,Brisbane,diesel,200.0
2026-05-29,QLD,Brisbane,e10,184.8
2026-05-29,QLD,Brisbane,p95,190.8
2026-05-29,QLD,Brisbane,p98,195.7
2026-05-29,QLD,Brisbane,ulp91,182.2
2026-05-29,QLD,Gladstone,diesel,198.8
2026-05-29,QLD,Gladstone,p95,180.8
2026-05-29,QLD,Gladstone,ulp91,173.8
2026-05-29,QLD,Mackay,diesel,192.6
2026-05-29,QLD,Mackay,e10,168.9
2026-05-29,QLD,Mackay,p95,176.0
2026-05-29,QLD,Mackay,ulp91,168.4
2026-05-29,SA,Birkenhead,diesel,189.0
2026-05-29,SA,Birkenhead,p95,170.4
2026-05-29,SA,Birkenhead,p98,177.6
2026-05-29,SA,Birkenhead,prediesel,190.2
2026-05-29,SA,Birkenhead,ulp91,163.8
2026-05-29,VIC,Melbourne,diesel,188.0
2026-05-29,VIC,Melbourne,e10,164.0
2026-05-29,VIC,Melbourne,p95,170.8
2026-05-29,VIC,Melbourne,p98,177.3
2026-05-29,VIC,Melbourne,prediesel,188.9
2026-05-29,VIC,Melbourne,ulp91,163.3
2026-05-30,NSW,Newcastle,diesel,189.7
2026-05-30,NSW,Newcastle,e10,164.0
2026-05-30,NSW,Newcastle,p95,172.8
2026-05-30,NSW,Newcastle,prediesel,190.5
2026-05-30,NSW,Newcastle,ulp91,163.7
2026-05-30,NSW,Sydney,diesel,187.5
2026-05-30,NSW,Sydney,e10,162.0
2026-05-30,NSW,Sydney,p95,182.9
2026-05-30,NSW,Sydney,p98,178.6
2026-05-30,NSW,Sydney,prediesel,199.4
2026-05-30,NSW,Sydney,ulp91,162.0
2026-05-30,QLD,Brisbane,diesel,200.0
2026-05-30,QLD,Brisbane,e10,184.8
2026-05-30,QLD,Brisbane,p95,190.8
2026-05-30,QLD,Brisbane,p98,195.7
2026-05-30,QLD,Brisbane,ulp91,182.2
2026-05-30,QLD,Gladstone,diesel,198.8
2026-05-30,QLD,Gladstone,p95,180.8
2026-05-30,QLD,Gladstone,ulp91,173.8
2026-05-30,QLD,Mackay,diesel,192.6
2026-05-30,QLD,Mackay,e10,168.9
2026-05-30,QLD,Mackay,p95,176.0
2026-05-30,QLD,Mackay,ulp91,168.4
2026-05-30,SA,Birkenhead,diesel,189.0
2026-05-30,SA,Birkenhead,p95,170.4
2026-05-30,SA,Birkenhead,p98,177.6
2026-05-30,SA,Birkenhead,prediesel,190.2
2026-05-30,SA,Birkenhead,ulp91,163.8
2026-05-30,VIC,Melbourne,diesel,188.0
2026-05-30,VIC,Melbourne,e10,164.0
2026-05-30,VIC,Melbourne,p95,170.8
2026-05-30,VIC,Melbourne,p98,177.3
2026-05-30,VIC,Melbourne,prediesel,188.9
2026-05-30,VIC,Melbourne,ulp91,163.3
2026-05-31,NSW,Newcastle,diesel,189.7
2026-05-31,NSW,Newcastle,e10,164.0
2026-05-31,NSW,Newcastle,p95,172.8
2026-05-31,NSW,Newcastle,prediesel,190.5
2026-05-31,NSW,Newcastle,ulp91,163.7
2026-05-31,NSW,Sydney,diesel,187.5
2026-05-31,NSW,Sydney,e10,162.0
2026-05-31,NSW,Sydney,p95,182.9
2026-05-31,NSW,Sydney,p98,178.6
2026-05-31,NSW,Sydney,prediesel,199.4
2026-05-31,NSW,Sydney,ulp91,162.0
2026-05-31,QLD,Brisbane,diesel,200.0
2026-05-31,QLD,Brisbane,e10,184.8
2026-05-31,QLD,Brisbane,p95,190.8
2026-05-31,QLD,Brisbane,p98,195.7
2026-05-31,QLD,Brisbane,ulp91,182.2
2026-05-31,QLD,Gladstone,diesel,198.8
2026-05-31,QLD,Gladstone,p95,180.8
2026-05-31,QLD,Gladstone,ulp91,173.8
2026-05-31,QLD,Mackay,diesel,192.6
2026-05-31,QLD,Mackay,e10,168.9
2026-05-31,QLD,Mackay,p95,176.0
2026-05-31,QLD,Mackay,ulp91,168.4
2026-05-31,SA,Birkenhead,diesel,189.0
2026-05-31,SA,Birkenhead,p95,170.4
2026-05-31,SA,Birkenhead,p98,177.6
2026-05-31,SA,Birkenhead,prediesel,190.2
2026-05-31,SA,Birkenhead,ulp91,163.8
2026-05-31,VIC,Melbourne,diesel,188.0
2026-05-31,VIC,Melbourne,e10,164.0
2026-05-31,VIC,Melbourne,p95,170.8
2026-05-31,VIC,Melbourne,p98,177.3
2026-05-31,VIC,Melbourne,prediesel,188.9
2026-05-31,VIC,Melbourne,ulp91,163.3
2026-06-01,NSW,Newcastle,diesel,185.3
2026-06-01,NSW,Newcastle,e10,160.4
2026-06-01,NSW,Newcastle,p95,168.8
2026-06-01,NSW,Newcastle,prediesel,186.2
2026-06-01,NSW,Newcastle,ulp91,159.7
2026-06-01,NSW,Sydney,diesel,183.2
2026-06-01,NSW,Sydney,e10,158.4
2026-06-01,NSW,Sydney,p95,178.9
2026-06-01,NSW,Sydney,p98,174.6
2026-06-01,NSW,Sydney,prediesel,195.0
2026-06-01,NSW,Sydney,ulp91,158.0
2026-06-01,QLD,Brisbane,diesel,188.8
2026-06-01,QLD,Brisbane,e10,170.1
2026-06-01,QLD,Brisbane,p95,176.0
2026-06-01,QLD,Brisbane,p98,180.8
2026-06-01,QLD,Brisbane,ulp91,167.5
2026-06-01,QLD,Gladstone,diesel,194.4
2026-06-01,QLD,Gladstone,p95,176.8
2026-06-01,QLD,Gladstone,ulp91,169.8
2026-06-01,QLD,Mackay,diesel,188.3
2026-06-01,QLD,Mackay,e10,165.3
2026-06-01,QLD,Mackay,p95,172.0
2026-06-01,QLD,Mackay,ulp91,164.5
2026-06-01,SA,Birkenhead,diesel,184.7
2026-06-01,SA,Birkenhead,p95,166.4
2026-06-01,SA,Birkenhead,p98,173.6
2026-06-01,SA,Birkenhead,prediesel,185.9
2026-06-01,SA,Birkenhead,ulp91,159.8
2026-06-01,VIC,Melbourne,diesel,183.7
2026-06-01,VIC,Melbourne,e10,160.4
2026-06-01,VIC,Melbourne,p95,166.9
2026-06-01,VIC,Melbourne,p98,173.3
2026-06-01,VIC,Melbourne,prediesel,184.5
2026-06-01,VIC,Melbourne,ulp91,159.4
2026-06-02,NSW,Newcastle,diesel,185.2
2026-06-02,NSW,Newcastle,e10,160.3
2026-06-02,NSW,Newcastle,p95,168.7
2026-06-02,NSW,Newcastle,prediesel,186.1
2026-06-02,NSW,Newcastle,ulp91,159.6
2026-06-02,NSW,Sydney,diesel,183.1
2026-06-02,NSW,Sydney,e10,158.3
2026-06-02,NSW,Sydney,p95,178.8
2026-06-02,NSW,Sydney,p98,174.5
2026-06-02,NSW,Sydney,prediesel,194.9
2026-06-02,NSW,Sydney,ulp91,157.9
2026-06-02,QLD,Brisbane,diesel,186.6
2026-06-02,QLD,Brisbane,e10,168.6
2026-06-02,QLD,Brisbane,p95,174.6
2026-06-02,QLD,Brisbane,p98,179.4
2026-06-02,QLD,Brisbane,ulp91,166.0
2026-06-02,QLD,Gladstone,diesel,194.3
2026-06-02,QLD,Gladstone,p95,176.7
2026-06-02,QLD,Gladstone,ulp91,169.7
2026-06-02,QLD,Mackay,diesel,188.2
2026-06-02,QLD,Mackay,e10,165.2
2026-06-02,QLD,Mackay,p95,171.9
2026-06-02,QLD,Mackay,ulp91,164.4
2026-06-02,SA,Birkenhead,diesel,184.6
2026-06-02,SA,Birkenhead,p95,166.3
2026-06-02,SA,Birkenhead,p98,173.5
2026-06-02,SA,Birkenhead,prediesel,185.8
2026-06-02,SA,Birkenhead,ulp91,159.7
2026-06-02,VIC,Melbourne,diesel,183.6
2026-06-02,VIC,Melbourne,e10,160.3
2026-06-02,VIC,Melbourne,p95,166.8
2026-06-02,VIC,Melbourne,p98,173.2
2026-06-02,VIC,Melbourne,prediesel,184.4
2026-06-02,VIC,Melbourne,ulp91,159.3
2026-06-04,NSW,Newcastle,diesel,182.2
2026-06-04,NSW,Newcastle,e10,156.3
2026-06-04,NSW,Newcastle,p95,164.5
2026-06-04,NSW,Newcastle,prediesel,183.1
2026-06-04,NSW,Newcastle,ulp91,155.3
2026-06-04,NSW,Sydney,diesel,178.7
2026-06-04,NSW,Sydney,e10,152.8
2026-06-04,NSW,Sydney,p95,172.0
2026-06-04,NSW,Sydney,p98,166.9
2026-06-04,NSW,Sydney,prediesel,190.6
2026-06-04,NSW,Sydney,ulp91,151.8
2026-06-04,QLD,Brisbane,diesel,191.6
2026-06-04,QLD,Brisbane,e10,169.8
2026-06-04,QLD,Brisbane,p95,176.2
2026-06-04,QLD,Brisbane,p98,181.1
2026-06-04,QLD,Brisbane,ulp91,167.2
2026-06-04,QLD,Gladstone,diesel,191.3
2026-06-04,QLD,Gladstone,p95,172.4
2026-06-04,QLD,Gladstone,ulp91,165.4
2026-06-04,QLD,Mackay,diesel,185.2
2026-06-04,QLD,Mackay,e10,160.3
2026-06-04,QLD,Mackay,p95,167.7
2026-06-04,QLD,Mackay,ulp91,160.1
2026-06-04,SA,Birkenhead,diesel,181.6
2026-06-04,SA,Birkenhead,p95,162.1
2026-06-04,SA,Birkenhead,p98,169.3
2026-06-04,SA,Birkenhead,prediesel,182.8
2026-06-04,SA,Birkenhead,ulp91,155.5
2026-06-04,VIC,Melbourne,diesel,180.5
2026-06-04,VIC,Melbourne,e10,156.3
2026-06-04,VIC,Melbourne,p95,162.6
2026-06-04,VIC,Melbourne,p98,169.1
2026-06-04,VIC,Melbourne,prediesel,181.4
2026-06-04,VIC,Melbourne,ulp91,155.0
2026-06-05,NSW,Newcastle,diesel,181.8
2026-06-05,NSW,Newcastle,e10,155.0
2026-06-05,NSW,Newcastle,p95,163.1
2026-06-05,NSW,Newcastle,prediesel,182.6
2026-06-05,NSW,Newcastle,ulp91,153.9
2026-06-05,NSW,Sydney,diesel,178.3
2026-06-05,NSW,Sydney,e10,151.5
2026-06-05,NSW,Sydney,p95,170.6
2026-06-05,NSW,Sydney,p98,165.6
2026-06-05,NSW,Sydney,prediesel,190.2
2026-06-05,NSW,Sydney,ulp91,150.3
2026-06-05,QLD,Brisbane,diesel,191.8
2026-06-05,QLD,Brisbane,e10,166.1
2026-06-05,QLD,Brisbane,p95,172.7
2026-06-05,QLD,Brisbane,p98,177.5
2026-06-05,QLD,Brisbane,ulp91,164.6
2026-06-05,QLD,Gladstone,diesel,190.9
2026-06-05,QLD,Gladstone,p95,171.1
2026-06-05,QLD,Gladstone,ulp91,163.9
2026-06-05,QLD,Mackay,diesel,184.8
2026-06-05,QLD,Mackay,e10,159.0
2026-06-05,QLD,Mackay,p95,166.3
2026-06-05,QLD,Mackay,ulp91,158.6
2026-06-05,SA,Birkenhead,diesel,181.1
2026-06-05,SA,Birkenhead,p95,160.7
2026-06-05,SA,Birkenhead,p98,168.0
2026-06-05,SA,Birkenhead,prediesel,182.3
2026-06-05,SA,Birkenhead,ulp91,154.0
2026-06-05,VIC,Melbourne,diesel,180.1
2026-06-05,VIC,Melbourne,e10,155.1
2026-06-05,VIC,Melbourne,p95,161.2
2026-06-05,VIC,Melbourne,p98,167.7
2026-06-05,VIC,Melbourne,prediesel,181.0
2026-06-05,VIC,Melbourne,ulp91,153.6
2026-06-06,NSW,Newcastle,diesel,181.8
2026-06-06,NSW,Newcastle,e10,155.0
2026-06-06,NSW,Newcastle,p95,163.1
2026-06-06,NSW,Newcastle,prediesel,182.6
2026-06-06,NSW,Newcastle,ulp91,153.9
2026-06-06,NSW,Sydney,diesel,178.3
2026-06-06,NSW,Sydney,e10,151.5
2026-06-06,NSW,Sydney,p95,170.6
2026-06-06,NSW,Sydney,p98,165.6
2026-06-06,NSW,Sydney,prediesel,190.2
2026-06-06,NSW,Sydney,ulp91,150.3
2026-06-06,QLD,Brisbane,diesel,191.8
2026-06-06,QLD,Brisbane,e10,166.1
2026-06-06,QLD,Brisbane,p95,172.7
2026-06-06,QLD,Brisbane,p98,177.5
2026-06-06,QLD,Brisbane,ulp91,164.6
2026-06-06,QLD,Gladstone,diesel,190.9
2026-06-06,QLD,Gladstone,p95,171.1
2026-06-06,QLD,Gladstone,ulp91,163.9
2026-06-06,QLD,Mackay,diesel,184.8
2026-06-06,QLD,Mackay,e10,159.0
2026-06-06,QLD,Mackay,p95,166.3
2026-06-06,QLD,Mackay,ulp91,158.6
2026-06-06,SA,Birkenhead,diesel,181.1
2026-06-06,SA,Birkenhead,p95,160.7
2026-06-06,SA,Birkenhead,p98,168.0
2026-06-06,SA,Birkenhead,prediesel,182.3
2026-06-06,SA,Birkenhead,ulp91,154.0
2026-06-06,VIC,Melbourne,diesel,180.1
2026-06-06,VIC,Melbourne,e10,155.1
2026-06-06,VIC,Melbourne,p95,161.2
2026-06-06,VIC,Melbourne,p98,167.7
2026-06-06,VIC,Melbourne,prediesel,181.0
2026-06-06,VIC,Melbourne,ulp91,153.6
2026-06-07,NSW,Newcastle,diesel,181.8
2026-06-07,NSW,Newcastle,e10,155.0
2026-06-07,NSW,Newcastle,p95,163.1
2026-06-07,NSW,Newcastle,prediesel,182.6
2026-06-07,NSW,Newcastle,ulp91,153.9
2026-06-07,NSW,Sydney,diesel,178.3
2026-06-07,NSW,Sydney,e10,151.5
2026-06-07,NSW,Sydney,p95,170.6
2026-06-07,NSW,Sydney,p98,165.6
2026-06-07,NSW,Sydney,prediesel,190.2
2026-06-07,NSW,Sydney,ulp91,150.3
2026-06-07,QLD,Brisbane,diesel,191.8
2026-06-07,QLD,Brisbane,e10,166.1
2026-06-07,QLD,Brisbane,p95,172.7
2026-06-07,QLD,Brisbane,p98,177.5
2026-06-07,QLD,Brisbane,ulp91,164.6
2026-06-07,QLD,Gladstone,diesel,190.9
2026-06-07,QLD,Gladstone,p95,171.1
2026-06-07,QLD,Gladstone,ulp91,163.9
2026-06-07,QLD,Mackay,diesel,184.8
2026-06-07,QLD,Mackay,e10,159.0
2026-06-07,QLD,Mackay,p95,166.3
2026-06-07,QLD,Mackay,ulp91,158.6
2026-06-07,SA,Birkenhead,diesel,181.1
2026-06-07,SA,Birkenhead,p95,160.7
2026-06-07,SA,Birkenhead,p98,168.0
2026-06-07,SA,Birkenhead,prediesel,182.3
2026-06-07,SA,Birkenhead,ulp91,154.0
2026-06-07,VIC,Melbourne,diesel,180.1
2026-06-07,VIC,Melbourne,e10,155.1
2026-06-07,VIC,Melbourne,p95,161.2
2026-06-07,VIC,Melbourne,p98,167.7
2026-06-07,VIC,Melbourne,prediesel,181.0
2026-06-07,VIC,Melbourne,ulp91,153.6
2026-06-08,NSW,Newcastle,diesel,181.4
2026-06-08,NSW,Newcastle,e10,153.8
2026-06-08,NSW,Newcastle,p95,161.9
2026-06-08,NSW,Newcastle,prediesel,182.3
2026-06-08,NSW,Newcastle,ulp91,152.5
2026-06-08,NSW,Sydney,diesel,177.9
2026-06-08,NSW,Sydney,e10,150.3
2026-06-08,NSW,Sydney,p95,169.4
2026-06-08,NSW,Sydney,p98,164.3
2026-06-08,NSW,Sydney,prediesel,189.8
2026-06-08,NSW,Sydney,ulp91,148.9
2026-06-08,QLD,Brisbane,diesel,191.0
2026-06-08,QLD,Brisbane,e10,165.7
2026-06-08,QLD,Brisbane,p95,171.2
2026-06-08,QLD,Brisbane,p98,176.1
2026-06-08,QLD,Brisbane,ulp91,163.1
2026-06-08,QLD,Gladstone,diesel,190.5
2026-06-08,QLD,Gladstone,p95,169.8
2026-06-08,QLD,Gladstone,ulp91,162.6
2026-06-08,QLD,Mackay,diesel,184.4
2026-06-08,QLD,Mackay,e10,157.8
2026-06-08,QLD,Mackay,p95,165.0
2026-06-08,QLD,Mackay,ulp91,157.3
2026-06-08,SA,Birkenhead,diesel,180.8
2026-06-08,SA,Birkenhead,p95,159.5
2026-06-08,SA,Birkenhead,p98,166.7
2026-06-08,SA,Birkenhead,prediesel,182.0
2026-06-08,SA,Birkenhead,ulp91,152.7
2026-06-08,VIC,Melbourne,diesel,179.8
2026-06-08,VIC,Melbourne,e10,153.8
2026-06-08,VIC,Melbourne,p95,159.9
2026-06-08,VIC,Melbourne,p98,166.4
2026-06-08,VIC,Melbourne,prediesel,180.6
2026-06-08,VIC,Melbourne,ulp91,152.2
2026-06-09,NSW,Newcastle,diesel,182.8
2026-06-09,NSW,Newcastle,e10,153.4
2026-06-09,NSW,Newcastle,p95,161.6
2026-06-09,NSW,Newcastle,prediesel,183.7
2026-06-09,NSW,Newcastle,ulp91,152.1
2026-06-09,NSW,Sydney,diesel,179.4
2026-06-09,NSW,Sydney,e10,149.9
2026-06-09,NSW,Sydney,p95,169.1
2026-06-09,NSW,Sydney,p98,164.0
2026-06-09,NSW,Sydney,prediesel,191.2
2026-06-09,NSW,Sydney,ulp91,148.5
2026-06-09,QLD,Brisbane,diesel,191.9
2026-06-09,QLD,Brisbane,e10,168.2
2026-06-09,QLD,Brisbane,p95,172.0
2026-06-09,QLD,Brisbane,p98,176.9
2026-06-09,QLD,Brisbane,ulp91,163.4
2026-06-09,QLD,Gladstone,diesel,192.0
2026-06-09,QLD,Gladstone,p95,169.5
2026-06-09,QLD,Gladstone,ulp91,162.2
2026-06-09,QLD,Mackay,diesel,185.9
2026-06-09,QLD,Mackay,e10,157.4
2026-06-09,QLD,Mackay,p95,164.8
2026-06-09,QLD,Mackay,ulp91,156.9
2026-06-09,SA,Birkenhead,diesel,182.2
2026-06-09,SA,Birkenhead,p95,159.2
2026-06-09,SA,Birkenhead,p98,166.4
2026-06-09,SA,Birkenhead,prediesel,183.5
2026-06-09,SA,Birkenhead,ulp91,152.3
2026-06-09,VIC,Melbourne,diesel,181.2
2026-06-09,VIC,Melbourne,e10,153.5
2026-06-09,VIC,Melbourne,p95,159.6
2026-06-09,VIC,Melbourne,p98,166.1
2026-06-09,VIC,Melbourne,prediesel,182.1
2026-06-09,VIC,Melbourne,ulp91,151.8
2026-06-10,NSW,Newcastle,diesel,182.0
2026-06-10,NSW,Newcastle,e10,152.6
2026-06-10,NSW,Newcastle,p95,162.3
2026-06-10,NSW,Newcastle,prediesel,182.9
2026-06-10,NSW,Newcastle,ulp91,152.6
2026-06-10,NSW,Sydney,diesel,178.5
2026-06-10,NSW,Sydney,e10,149.1
2026-06-10,NSW,Sydney,p95,169.8
2026-06-10,NSW,Sydney,p98,164.8
2026-06-10,NSW,Sydney,prediesel,190.4
2026-06-10,NSW,Sydney,ulp91,149.0
2026-06-10,QLD,Brisbane,diesel,192.5
2026-06-10,QLD,Brisbane,e10,169.2
2026-06-10,QLD,Brisbane,p95,173.4
2026-06-10,QLD,Brisbane,p98,178.3
2026-06-10,QLD,Brisbane,ulp91,164.4
2026-06-10,QLD,Gladstone,diesel,191.1
2026-06-10,QLD,Gladstone,p95,170.3
2026-06-10,QLD,Gladstone,ulp91,162.7
2026-06-10,QLD,Mackay,diesel,185.0
2026-06-10,QLD,Mackay,e10,157.9
2026-06-10,QLD,Mackay,p95,165.5
2026-06-10,QLD,Mackay,ulp91,157.4
2026-06-10,SA,Birkenhead,diesel,181.4
2026-06-10,SA,Birkenhead,p95,159.9
2026-06-10,SA,Birkenhead,p98,167.2
2026-06-10,SA,Birkenhead,prediesel,182.6
2026-06-10,SA,Birkenhead,ulp91,152.8
2026-06-10,VIC,Melbourne,diesel,180.3
2026-06-10,VIC,Melbourne,e10,152.7
2026-06-10,VIC,Melbourne,p95,160.4
2026-06-10,VIC,Melbourne,p98,166.9
2026-06-10,VIC,Melbourne,prediesel,181.2
2026-06-10,VIC,Melbourne,ulp91,152.3
2026-06-11,NSW,Newcastle,diesel,181.8
2026-06-11,NSW,Newcastle,e10,153.3
2026-06-11,NSW,Newcastle,p95,163.1
2026-06-11,NSW,Newcastle,prediesel,182.7
2026-06-11,NSW,Newcastle,ulp91,153.4
2026-06-11,NSW,Sydney,diesel,178.4
2026-06-11,NSW,Sydney,e10,149.8
2026-06-11,NSW,Sydney,p95,170.6
2026-06-11,NSW,Sydney,p98,165.5
2026-06-11,NSW,Sydney,prediesel,190.2
2026-06-11,NSW,Sydney,ulp91,149.8
2026-06-11,QLD,Brisbane,diesel,191.6
2026-06-11,QLD,Brisbane,e10,169.3
2026-06-11,QLD,Brisbane,p95,173.7
2026-06-11,QLD,Brisbane,p98,178.6
2026-06-11,QLD,Brisbane,ulp91,164.5
2026-06-11,QLD,Gladstone,diesel,191.0
2026-06-11,QLD,Gladstone,p95,171.0
2026-06-11,QLD,Gladstone,ulp91,163.5
2026-06-11,QLD,Mackay,diesel,184.9
2026-06-11,QLD,Mackay,e10,158.5
2026-06-11,QLD,Mackay,p95,166.2
2026-06-11,QLD,Mackay,ulp91,158.1
2026-06-11,SA,Birkenhead,diesel,181.2
2026-06-11,SA,Birkenhead,p95,160.7
2026-06-11,SA,Birkenhead,p98,167.9
2026-06-11,SA,Birkenhead,prediesel,182.4
2026-06-11,SA,Birkenhead,ulp91,153.5
2026-06-11,VIC,Melbourne,diesel,180.2
2026-06-11,VIC,Melbourne,e10,153.3
2026-06-11,VIC,Melbourne,p95,161.1
2026-06-11,VIC,Melbourne,p98,167.7
2026-06-11,VIC,Melbourne,prediesel,181.1
2026-06-11,VIC,Melbourne,ulp91,153.1
2026-06-12,NSW,Newcastle,diesel,181.2
2026-06-12,NSW,Newcastle,e10,153.9
2026-06-12,NSW,Newcastle,p95,163.9
2026-06-12,NSW,Newcastle,prediesel,182.1
2026-06-12,NSW,Newcastle,ulp91,154.1
2026-06-12,NSW,Sydney,diesel,177.7
2026-06-12,NSW,Sydney,e10,150.4
2026-06-12,NSW,Sydney,p95,171.4
2026-06-12,NSW,Sydney,p98,166.4
2026-06-12,NSW,Sydney,prediesel,189.6
2026-06-12,NSW,Sydney,ulp91,150.5
2026-06-12,QLD,Brisbane,diesel,190.4
2026-06-12,QLD,Brisbane,e10,169.8
2026-06-12,QLD,Brisbane,p95,174.6
2026-06-12,QLD,Brisbane,p98,179.5
2026-06-12,QLD,Brisbane,ulp91,165.0
2026-06-12,QLD,Gladstone,diesel,190.3
2026-06-12,QLD,Gladstone,p95,171.9
2026-06-12,QLD,Gladstone,ulp91,164.2
2026-06-12,QLD,Mackay,diesel,184.2
2026-06-12,QLD,Mackay,e10,159.2
2026-06-12,QLD,Mackay,p95,167.1
2026-06-12,QLD,Mackay,ulp91,158.9
2026-06-12,SA,Birkenhead,diesel,180.6
2026-06-12,SA,Birkenhead,p95,161.5
2026-06-12,SA,Birkenhead,p98,168.8
2026-06-12,SA,Birkenhead,prediesel,181.8
2026-06-12,SA,Birkenhead,ulp91,154.2
2026-06-12,VIC,Melbourne,diesel,179.5
2026-06-12,VIC,Melbourne,e10,154.0
2026-06-12,VIC,Melbourne,p95,162.0
2026-06-12,VIC,Melbourne,p98,168.5
2026-06-12,VIC,Melbourne,prediesel,180.4
2026-06-12,VIC,Melbourne,ulp91,153.8
2026-06-13,NSW,Newcastle,diesel,181.2
2026-06-13,NSW,Newcastle,e10,153.9
2026-06-13,NSW,Newcastle,p95,163.9
2026-06-13,NSW,Newcastle,prediesel,182.1
2026-06-13,NSW,Newcastle,ulp91,154.1
2026-06-13,NSW,Sydney,diesel,177.7
2026-06-13,NSW,Sydney,e10,150.4
2026-06-13,NSW,Sydney,p95,171.4
2026-06-13,NSW,Sydney,p98,166.4
2026-06-13,NSW,Sydney,prediesel,189.6
2026-06-13,NSW,Sydney,ulp91,150.5
2026-06-13,QLD,Brisbane,diesel,190.4
2026-06-13,QLD,Brisbane,e10,169.8
2026-06-13,QLD,Brisbane,p95,174.6
2026-06-13,QLD,Brisbane,p98,179.5
2026-06-13,QLD,Brisbane,ulp91,165.0
2026-06-13,QLD,Gladstone,diesel,190.3
2026-06-13,QLD,Gladstone,p95,171.9
2026-06-13,QLD,Gladstone,ulp91,164.2
2026-06-13,QLD,Mackay,diesel,184.2
2026-06-13,QLD,Mackay,e10,159.2
2026-06-13,QLD,Mackay,p95,167.1
2026-06-13,QLD,Mackay,ulp91,158.9
2026-06-13,SA,Birkenhead,diesel,180.6
2026-06-13,SA,Birkenhead,p95,161.5
2026-06-13,SA,Birkenhead,p98,168.8
2026-06-13,SA,Birkenhead,prediesel,181.8
2026-06-13,SA,Birkenhead,ulp91,154.2
2026-06-13,VIC,Melbourne,diesel,179.5
2026-06-13,VIC,Melbourne,e10,154.0
2026-06-13,VIC,Melbourne,p95,162.0
2026-06-13,VIC,Melbourne,p98,168.5
2026-06-13,VIC,Melbourne,prediesel,180.4
2026-06-13,VIC,Melbourne,ulp91,153.8
2026-06-14,NSW,Newcastle,diesel,181.2
2026-06-14,NSW,Newcastle,e10,153.9
2026-06-14,NSW,Newcastle,p95,163.9
2026-06-14,NSW,Newcastle,prediesel,182.1
2026-06-14,NSW,Newcastle,ulp91,154.1
2026-06-14,NSW,Sydney,diesel,177.7
2026-06-14,NSW,Sydney,e10,150.4
2026-06-14,NSW,Sydney,p95,171.4
2026-06-14,NSW,Sydney,p98,166.4
2026-06-14,NSW,Sydney,prediesel,189.6
2026-06-14,NSW,Sydney,ulp91,150.5
2026-06-14,QLD,Brisbane,diesel,190.4
2026-06-14,QLD,Brisbane,e10,169.8
2026-06-14,QLD,Brisbane,p95,174.6
2026-06-14,QLD,Brisbane,p98,179.5
2026-06-14,QLD,Brisbane,ulp91,165.0
2026-06-14,QLD,Gladstone,diesel,190.3
2026-06-14,QLD,Gladstone,p95,171.9
2026-06-14,QLD,Gladstone,ulp91,164.2
2026-06-14,QLD,Mackay,diesel,184.2
2026-06-14,QLD,Mackay,e10,159.2
2026-06-14,QLD,Mackay,p95,167.1
2026-06-14,QLD,Mackay,ulp91,158.9
2026-06-14,SA,Birkenhead,diesel,180.6
2026-06-14,SA,Birkenhead,p95,161.5
2026-06-14,SA,Birkenhead,p98,168.8
2026-06-14,SA,Birkenhead,prediesel,181.8
2026-06-14,SA,Birkenhead,ulp91,154.2
2026-06-14,VIC,Melbourne,diesel,179.5
2026-06-14,VIC,Melbourne,e10,154.0
2026-06-14,VIC,Melbourne,p95,162.0
2026-06-14,VIC,Melbourne,p98,168.5
2026-06-14,VIC,Melbourne,prediesel,180.4
2026-06-14,VIC,Melbourne,ulp91,153.8
2026-06-15,NSW,Newcastle,diesel,177.7
2026-06-15,NSW,Newcastle,e10,153.6
2026-06-15,NSW,Newcastle,p95,163.8
2026-06-15,NSW,Newcastle,prediesel,178.5
2026-06-15,NSW,Newcastle,ulp91,153.7
2026-06-15,NSW,Sydney,diesel,174.2
2026-06-15,NSW,Sydney,e10,150.1
2026-06-15,NSW,Sydney,p95,171.3
2026-06-15,NSW,Sydney,p98,166.4
2026-06-15,NSW,Sydney,prediesel,186.1
2026-06-15,NSW,Sydney,ulp91,150.0
2026-06-15,QLD,Brisbane,diesel,187.1
2026-06-15,QLD,Brisbane,e10,169.0
2026-06-15,QLD,Brisbane,p95,174.1
2026-06-15,QLD,Brisbane,p98,179.0
2026-06-15,QLD,Brisbane,ulp91,164.2
2026-06-15,QLD,Gladstone,diesel,186.8
2026-06-15,QLD,Gladstone,p95,171.8
2026-06-15,QLD,Gladstone,ulp91,163.8
2026-06-15,QLD,Mackay,diesel,180.7
2026-06-15,QLD,Mackay,e10,158.9
2026-06-15,QLD,Mackay,p95,167.1
2026-06-15,QLD,Mackay,ulp91,158.5
2026-06-15,SA,Birkenhead,diesel,177.0
2026-06-15,SA,Birkenhead,p95,161.4
2026-06-15,SA,Birkenhead,p98,168.8
2026-06-15,SA,Birkenhead,prediesel,178.3
2026-06-15,SA,Birkenhead,ulp91,153.8
2026-06-15,VIC,Melbourne,diesel,176.0
2026-06-15,VIC,Melbourne,e10,153.6
2026-06-15,VIC,Melbourne,p95,161.9
2026-06-15,VIC,Melbourne,p98,168.5
2026-06-15,VIC,Melbourne,prediesel,176.9
2026-06-15,VIC,Melbourne,ulp91,153.4
2026-06-16,NSW,Newcastle,diesel,173.7
2026-06-16,NSW,Newcastle,e10,152.2
2026-06-16,NSW,Newcastle,p95,162.3
2026-06-16,NSW,Newcastle,prediesel,174.6
2026-06-16,NSW,Newcastle,ulp91,152.2
2026-06-16,NSW,Sydney,diesel,170.2
2026-06-16,NSW,Sydney,e10,148.7
2026-06-16,NSW,Sydney,p95,169.8
2026-06-16,NSW,Sydney,p98,164.8
2026-06-16,NSW,Sydney,prediesel,182.1
2026-06-16,NSW,Sydney,ulp91,148.6
2026-06-16,QLD,Brisbane,diesel,183.1
2026-06-16,QLD,Brisbane,e10,167.7
2026-06-16,QLD,Brisbane,p95,173.1
2026-06-16,QLD,Brisbane,p98,178.0
2026-06-16,QLD,Brisbane,ulp91,162.9
2026-06-16,QLD,Gladstone,diesel,182.8
2026-06-16,QLD,Gladstone,p95,170.3
2026-06-16,QLD,Gladstone,ulp91,162.3
2026-06-16,QLD,Mackay,diesel,176.7
2026-06-16,QLD,Mackay,e10,157.5
2026-06-16,QLD,Mackay,p95,165.5
2026-06-16,QLD,Mackay,ulp91,157.0
2026-06-16,SA,Birkenhead,diesel,173.1
2026-06-16,SA,Birkenhead,p95,159.9
2026-06-16,SA,Birkenhead,p98,167.2
2026-06-16,SA,Birkenhead,prediesel,174.3
2026-06-16,SA,Birkenhead,ulp91,152.4
2026-06-16,VIC,Melbourne,diesel,172.0
2026-06-16,VIC,Melbourne,e10,152.3
2026-06-16,VIC,Melbourne,p95,160.4
2026-06-16,VIC,Melbourne,p98,166.9
2026-06-16,VIC,Melbourne,prediesel,172.9
2026-06-16,VIC,Melbourne,ulp91,151.9
2026-06-17,NSW,Newcastle,diesel,170.5
2026-06-17,NSW,Newcastle,e10,150.8
2026-06-17,NSW,Newcastle,p95,161.5
2026-06-17,NSW,Newcastle,prediesel,171.3
2026-06-17,NSW,Newcastle,ulp91,151.3
2026-06-17,NSW,Sydney,diesel,167.0
2026-06-17,NSW,Sydney,e10,147.3
2026-06-17,NSW,Sydney,p95,169.0
2026-06-17,NSW,Sydney,p98,164.0
2026-06-17,NSW,Sydney,prediesel,178.9
2026-06-17,NSW,Sydney,ulp91,147.7
2026-06-17,QLD,Brisbane,diesel,179.6
2026-06-17,QLD,Brisbane,e10,166.2
2026-06-17,QLD,Brisbane,p95,171.3
2026-06-17,QLD,Brisbane,p98,176.3
2026-06-17,QLD,Brisbane,ulp91,161.4
2026-06-17,QLD,Gladstone,diesel,179.6
2026-06-17,QLD,Gladstone,p95,169.5
2026-06-17,QLD,Gladstone,ulp91,161.4
2026-06-17,QLD,Mackay,diesel,173.5
2026-06-17,QLD,Mackay,e10,156.7
2026-06-17,QLD,Mackay,p95,164.7
2026-06-17,QLD,Mackay,ulp91,156.1
2026-06-17,SA,Birkenhead,diesel,169.9
2026-06-17,SA,Birkenhead,p95,159.1
2026-06-17,SA,Birkenhead,p98,166.4
2026-06-17,SA,Birkenhead,prediesel,171.1
2026-06-17,SA,Birkenhead,ulp91,151.4
2026-06-17,VIC,Melbourne,diesel,168.8
2026-06-17,VIC,Melbourne,e10,150.8
2026-06-17,VIC,Melbourne,p95,159.6
2026-06-17,VIC,Melbourne,p98,166.1
2026-06-17,VIC,Melbourne,prediesel,169.7
2026-06-17,VIC,Melbourne,ulp91,151.0
2026-06-18,NSW,Newcastle,diesel,160.5
2026-06-18,NSW,Newcastle,e10,145.7
2026-06-18,NSW,Newcastle,p95,155.0
2026-06-18,NSW,Newcastle,prediesel,161.4
2026-06-18,NSW,Newcastle,ulp91,145.7
2026-06-18,NSW,Sydney,diesel,157.0
2026-06-18,NSW,Sydney,e10,142.2
2026-06-18,NSW,Sydney,p95,162.5
2026-06-18,NSW,Sydney,p98,158.7
2026-06-18,NSW,Sydney,prediesel,168.9
2026-06-18,NSW,Sydney,ulp91,142.1
2026-06-18,QLD,Brisbane,diesel,175.5
2026-06-18,QLD,Brisbane,e10,164.0
2026-06-18,QLD,Brisbane,p95,169.2
2026-06-18,QLD,Brisbane,p98,174.1
2026-06-18,QLD,Brisbane,ulp91,159.2
2026-06-18,QLD,Gladstone,diesel,167.9
2026-06-18,QLD,Gladstone,p95,163.9
2026-06-18,QLD,Gladstone,ulp91,156.1
2026-06-18,QLD,Mackay,diesel,161.8
2026-06-18,QLD,Mackay,e10,151.9
2026-06-18,QLD,Mackay,p95,159.2
2026-06-18,QLD,Mackay,ulp91,150.8
2026-06-18,SA,Birkenhead,diesel,157.6
2026-06-18,SA,Birkenhead,p95,154.1
2026-06-18,SA,Birkenhead,p98,161.8
2026-06-18,SA,Birkenhead,prediesel,158.8
2026-06-18,SA,Birkenhead,ulp91,146.6
2026-06-18,VIC,Melbourne,diesel,160.5
2026-06-18,VIC,Melbourne,e10,145.6
2026-06-18,VIC,Melbourne,p95,153.7
2026-06-18,VIC,Melbourne,p98,161.3
2026-06-18,VIC,Melbourne,prediesel,161.4
2026-06-18,VIC,Melbourne,ulp91,145.2
2026-06-20,NSW,Newcastle,diesel,160.1
2026-06-20,NSW,Newcastle,e10,146.1
2026-06-20,NSW,Newcastle,p95,155.4
2026-06-20,NSW,Newcastle,prediesel,161.0
2026-06-20,NSW,Newcastle,ulp91,146.1
2026-06-20,NSW,Sydney,diesel,156.6
2026-06-20,NSW,Sydney,e10,142.6
2026-06-20,NSW,Sydney,p95,162.9
2026-06-20,NSW,Sydney,p98,159.1
2026-06-20,NSW,Sydney,prediesel,168.5
2026-06-20,NSW,Sydney,ulp91,142.5
2026-06-20,QLD,Brisbane,diesel,174.2
2026-06-20,QLD,Brisbane,e10,161.9
2026-06-20,QLD,Brisbane,p95,167.2
2026-06-20,QLD,Brisbane,p98,172.1
2026-06-20,QLD,Brisbane,ulp91,157.1
2026-06-20,QLD,Gladstone,diesel,167.7
2026-06-20,QLD,Gladstone,p95,164.4
2026-06-20,QLD,Gladstone,ulp91,156.6
2026-06-20,QLD,Mackay,diesel,161.6
2026-06-20,QLD,Mackay,e10,152.3
2026-06-20,QLD,Mackay,p95,159.7
2026-06-20,QLD,Mackay,ulp91,151.3
2026-06-20,SA,Birkenhead,diesel,157.2
2026-06-20,SA,Birkenhead,p95,152.9
2026-06-20,SA,Birkenhead,p98,162.4
2026-06-20,SA,Birkenhead,prediesel,158.4
2026-06-20,SA,Birkenhead,ulp91,146.8
2026-06-20,VIC,Melbourne,diesel,161.4
2026-06-20,VIC,Melbourne,e10,146.0
2026-06-20,VIC,Melbourne,p95,154.1
2026-06-20,VIC,Melbourne,p98,161.8
2026-06-20,VIC,Melbourne,prediesel,162.3
2026-06-20,VIC,Melbourne,ulp91,145.6
2026-06-21,NSW,Newcastle,diesel,160.1
2026-06-21,NSW,Newcastle,e10,146.1
2026-06-21,NSW,Newcastle,p95,155.4
2026-06-21,NSW,Newcastle,prediesel,161.0
2026-06-21,NSW,Newcastle,ulp91,146.1
2026-06-21,NSW,Sydney,diesel,156.6
2026-06-21,NSW,Sydney,e10,142.6
2026-06-21,NSW,Sydney,p95,162.9
2026-06-21,NSW,Sydney,p98,159.1
2026-06-21,NSW,Sydney,prediesel,168.5
2026-06-21,NSW,Sydney,ulp91,142.5
2026-06-21,QLD,Brisbane,diesel,174.2
2026-06-21,QLD,Brisbane,e10,161.9
2026-06-21,QLD,Brisbane,p95,167.2
2026-06-21,QLD,Brisbane,p98,172.1
2026-06-21,QLD,Brisbane,ulp91,157.1
2026-06-21,QLD,Gladstone,diesel,167.7
2026-06-21,QLD,Gladstone,p95,164.4
2026-06-21,QLD,Gladstone,ulp91,156.6
2026-06-21,QLD,Mackay,diesel,161.6
2026-06-21,QLD,Mackay,e10,152.3
2026-06-21,QLD,Mackay,p95,159.7
2026-06-21,QLD,Mackay,ulp91,151.3
2026-06-21,SA,Birkenhead,diesel,157.2
2026-06-21,SA,Birkenhead,p95,152.9
2026-06-21,SA,Birkenhead,p98,162.4
2026-06-21,SA,Birkenhead,prediesel,158.4
2026-06-21,SA,Birkenhead,ulp91,146.8
2026-06-21,VIC,Melbourne,diesel,161.4
2026-06-21,VIC,Melbourne,e10,146.0
2026-06-21,VIC,Melbourne,p95,154.1
2026-06-21,VIC,Melbourne,p98,161.8
2026-06-21,VIC,Melbourne,prediesel,162.3
2026-06-21,VIC,Melbourne,ulp91,145.6
2026-06-22,NSW,Newcastle,diesel,156.7
2026-06-22,NSW,Newcastle,e10,144.5
2026-06-22,NSW,Newcastle,p95,153.6
2026-06-22,NSW,Newcastle,prediesel,157.6
2026-06-22,NSW,Newcastle,ulp91,144.3
2026-06-22,NSW,Sydney,diesel,153.2
2026-06-22,NSW,Sydney,e10,141.0
2026-06-22,NSW,Sydney,p95,161.2
2026-06-22,NSW,Sydney,p98,157.3
2026-06-22,NSW,Sydney,prediesel,165.1
2026-06-22,NSW,Sydney,ulp91,140.8
2026-06-22,QLD,Brisbane,diesel,171.0
2026-06-22,QLD,Brisbane,e10,162.1
2026-06-22,QLD,Brisbane,p95,166.6
2026-06-22,QLD,Brisbane,p98,170.5
2026-06-22,QLD,Brisbane,ulp91,156.2
2026-06-22,QLD,Gladstone,diesel,164.3
2026-06-22,QLD,Gladstone,p95,162.6
2026-06-22,QLD,Gladstone,ulp91,154.8
2026-06-22,QLD,Mackay,diesel,158.2
2026-06-22,QLD,Mackay,e10,150.7
2026-06-22,QLD,Mackay,p95,157.8
2026-06-22,QLD,Mackay,ulp91,149.5
2026-06-22,SA,Birkenhead,diesel,153.8
2026-06-22,SA,Birkenhead,p95,151.1
2026-06-22,SA,Birkenhead,p98,160.6
2026-06-22,SA,Birkenhead,prediesel,155.1
2026-06-22,SA,Birkenhead,ulp91,145.0
2026-06-22,VIC,Melbourne,diesel,158.0
2026-06-22,VIC,Melbourne,e10,144.4
2026-06-22,VIC,Melbourne,p95,152.3
2026-06-22,VIC,Melbourne,p98,160.0
2026-06-22,VIC,Melbourne,prediesel,158.9
2026-06-22,VIC,Melbourne,ulp91,143.9
2026-06-23,NSW,Newcastle,diesel,153.4
2026-06-23,NSW,Newcastle,e10,142.8
2026-06-23,NSW,Newcastle,p95,151.7
2026-06-23,NSW,Newcastle,prediesel,154.3
2026-06-23,NSW,Newcastle,ulp91,142.4
2026-06-23,NSW,Sydney,diesel,149.9
2026-06-23,NSW,Sydney,e10,139.3
2026-06-23,NSW,Sydney,p95,159.2
2026-06-23,NSW,Sydney,p98,155.4
2026-06-23,NSW,Sydney,prediesel,161.8
2026-06-23,NSW,Sydney,ulp91,138.8
2026-06-23,QLD,Brisbane,diesel,167.8
2026-06-23,QLD,Brisbane,e10,160.4
2026-06-23,QLD,Brisbane,p95,164.8
2026-06-23,QLD,Brisbane,p98,168.6
2026-06-23,QLD,Brisbane,ulp91,154.5
2026-06-23,QLD,Gladstone,diesel,161.0
2026-06-23,QLD,Gladstone,p95,160.7
2026-06-23,QLD,Gladstone,ulp91,152.9
2026-06-23,QLD,Mackay,diesel,154.9
2026-06-23,QLD,Mackay,e10,149.0
2026-06-23,QLD,Mackay,p95,155.9
2026-06-23,QLD,Mackay,ulp91,147.6
2026-06-23,SA,Birkenhead,diesel,150.5
2026-06-23,SA,Birkenhead,p95,149.2
2026-06-23,SA,Birkenhead,p98,158.6
2026-06-23,SA,Birkenhead,prediesel,151.7
2026-06-23,SA,Birkenhead,ulp91,143.1
2026-06-23,VIC,Melbourne,diesel,154.7
2026-06-23,VIC,Melbourne,e10,142.6
2026-06-23,VIC,Melbourne,p95,150.4
2026-06-23,VIC,Melbourne,p98,158.0
2026-06-23,VIC,Melbourne,prediesel,155.6
2026-06-23,VIC,Melbourne,ulp91,141.9
2026-06-24,NSW,Newcastle,diesel,151.2
2026-06-24,NSW,Newcastle,e10,141.4
2026-06-24,NSW,Newcastle,p95,150.4
2026-06-24,NSW,Newcastle,prediesel,152.1
2026-06-24,NSW,Newcastle,ulp91,141.2
2026-06-24,NSW,Sydney,diesel,147.8
2026-06-24,NSW,Sydney,e10,137.8
2026-06-24,NSW,Sydney,p95,157.9
2026-06-24,NSW,Sydney,p98,154.1
2026-06-24,NSW,Sydney,prediesel,159.7
2026-06-24,NSW,Sydney,ulp91,137.6
2026-06-24,QLD,Brisbane,diesel,166.5
2026-06-24,QLD,Brisbane,e10,160.3
2026-06-24,QLD,Brisbane,p95,164.8
2026-06-24,QLD,Brisbane,p98,168.0
2026-06-24,QLD,Brisbane,ulp91,154.4
2026-06-24,QLD,Gladstone,diesel,158.8
2026-06-24,QLD,Gladstone,p95,159.4
2026-06-24,QLD,Gladstone,ulp91,151.6
2026-06-24,QLD,Mackay,diesel,152.7
2026-06-24,QLD,Mackay,e10,149.0
2026-06-24,QLD,Mackay,p95,154.6
2026-06-24,QLD,Mackay,ulp91,146.3
2026-06-24,SA,Birkenhead,diesel,148.3
2026-06-24,SA,Birkenhead,p95,147.9
2026-06-24,SA,Birkenhead,p98,157.3
2026-06-24,SA,Birkenhead,prediesel,149.6
2026-06-24,SA,Birkenhead,ulp91,141.8
2026-06-24,VIC,Melbourne,diesel,152.6
2026-06-24,VIC,Melbourne,e10,141.2
2026-06-24,VIC,Melbourne,p95,149.1
2026-06-24,VIC,Melbourne,p98,156.7
2026-06-24,VIC,Melbourne,prediesel,153.4
2026-06-24,VIC,Melbourne,ulp91,140.7
2026-06-25,NSW,Newcastle,diesel,150.4
2026-06-25,NSW,Newcastle,e10,140.7
2026-06-25,NSW,Newcastle,p95,149.7
2026-06-25,NSW,Newcastle,prediesel,151.3
2026-06-25,NSW,Newcastle,ulp91,140.4
2026-06-25,NSW,Sydney,diesel,146.9
2026-06-25,NSW,Sydney,e10,137.2
2026-06-25,NSW,Sydney,p95,157.2
2026-06-25,NSW,Sydney,p98,153.4
2026-06-25,NSW,Sydney,prediesel,158.8
2026-06-25,NSW,Sydney,ulp91,136.8
2026-06-25,QLD,Brisbane,diesel,165.8
2026-06-25,QLD,Brisbane,e10,159.8
2026-06-25,QLD,Brisbane,p95,164.2
2026-06-25,QLD,Brisbane,p98,167.5
2026-06-25,QLD,Brisbane,ulp91,154.0
2026-06-25,QLD,Gladstone,diesel,158.0
2026-06-25,QLD,Gladstone,p95,158.6
2026-06-25,QLD,Gladstone,ulp91,150.8
2026-06-25,QLD,Mackay,diesel,151.9
2026-06-25,QLD,Mackay,e10,147.1
2026-06-25,QLD,Mackay,p95,153.8
2026-06-25,QLD,Mackay,ulp91,145.5
2026-06-25,SA,Birkenhead,diesel,147.5
2026-06-25,SA,Birkenhead,p95,147.1
2026-06-25,SA,Birkenhead,p98,156.6
2026-06-25,SA,Birkenhead,prediesel,148.7
2026-06-25,SA,Birkenhead,ulp91,141.1
2026-06-25,VIC,Melbourne,diesel,151.8
2026-06-25,VIC,Melbourne,e10,140.6
2026-06-25,VIC,Melbourne,p95,148.4
2026-06-25,VIC,Melbourne,p98,156.0
2026-06-25,VIC,Melbourne,prediesel,152.6
2026-06-25,VIC,Melbourne,ulp91,139.9
2026-06-26,NSW,Newcastle,diesel,150.2
2026-06-26,NSW,Newcastle,e10,139.9
2026-06-26,NSW,Newcastle,p95,148.8
2026-06-26,NSW,Newcastle,prediesel,151.1
2026-06-26,NSW,Newcastle,ulp91,139.6
2026-06-26,NSW,Sydney,diesel,146.7
2026-06-26,NSW,Sydney,e10,136.4
2026-06-26,NSW,Sydney,p95,156.3
2026-06-26,NSW,Sydney,p98,152.5
2026-06-26,NSW,Sydney,prediesel,158.6
2026-06-26,NSW,Sydney,ulp91,136.0
2026-06-26,QLD,Brisbane,diesel,165.7
2026-06-26,QLD,Brisbane,e10,159.2
2026-06-26,QLD,Brisbane,p95,163.4
2026-06-26,QLD,Brisbane,p98,166.7
2026-06-26,QLD,Brisbane,ulp91,153.3
2026-06-26,QLD,Gladstone,diesel,157.8
2026-06-26,QLD,Gladstone,p95,157.8
2026-06-26,QLD,Gladstone,ulp91,150.0
2026-06-26,QLD,Mackay,diesel,151.7
2026-06-26,QLD,Mackay,e10,146.3
2026-06-26,QLD,Mackay,p95,153.0
2026-06-26,QLD,Mackay,ulp91,144.7
2026-06-26,SA,Birkenhead,diesel,147.3
2026-06-26,SA,Birkenhead,p95,146.3
2026-06-26,SA,Birkenhead,p98,155.8
2026-06-26,SA,Birkenhead,prediesel,148.5
2026-06-26,SA,Birkenhead,ulp91,140.2
2026-06-26,VIC,Melbourne,diesel,151.6
2026-06-26,VIC,Melbourne,e10,139.8
2026-06-26,VIC,Melbourne,p95,147.5
2026-06-26,VIC,Melbourne,p98,155.1
2026-06-26,VIC,Melbourne,prediesel,152.4
2026-06-26,VIC,Melbourne,ulp91,139.1
2026-06-27,NSW,Newcastle,diesel,150.2
2026-06-27,NSW,Newcastle,e10,139.9
2026-06-27,NSW,Newcastle,p95,148.8
2026-06-27,NSW,Newcastle,prediesel,151.1
2026-06-27,NSW,Newcastle,ulp91,139.6
2026-06-27,NSW,Sydney,diesel,146.7
2026-06-27,NSW,Sydney,e10,136.4
2026-06-27,NSW,Sydney,p95,156.3
2026-06-27,NSW,Sydney,p98,152.5
2026-06-27,NSW,Sydney,prediesel,158.6
2026-06-27,NSW,Sydney,ulp91,136.0
2026-06-27,QLD,Brisbane,diesel,165.7
2026-06-27,QLD,Brisbane,e10,159.2
2026-06-27,QLD,Brisbane,p95,163.4
2026-06-27,QLD,Brisbane,p98,166.7
2026-06-27,QLD,Brisbane,ulp91,153.3
2026-06-27,QLD,Gladstone,diesel,157.8
2026-06-27,QLD,Gladstone,p95,157.8
2026-06-27,QLD,Gladstone,ulp91,150.0
2026-06-27,QLD,Mackay,diesel,151.7
2026-06-27,QLD,Mackay,e10,146.3
2026-06-27,QLD,Mackay,p95,153.0
2026-06-27,QLD,Mackay,ulp91,144.7
2026-06-27,SA,Birkenhead,diesel,147.3
2026-06-27,SA,Birkenhead,p95,146.3
2026-06-27,SA,Birkenhead,p98,155.8
2026-06-27,SA,Birkenhead,prediesel,148.5
2026-06-27,SA,Birkenhead,ulp91,140.2
2026-06-27,VIC,Melbourne,diesel,151.6
2026-06-27,VIC,Melbourne,e10,139.8
2026-06-27,VIC,Melbourne,p95,147.5
2026-06-27,VIC,Melbourne,p98,155.1
2026-06-27,VIC,Melbourne,prediesel,152.4
2026-06-27,VIC,Melbourne,ulp91,139.1
2026-06-28,NSW,Newcastle,diesel,150.2
2026-06-28,NSW,Newcastle,e10,139.9
2026-06-28,NSW,Newcastle,p95,148.8
2026-06-28,NSW,Newcastle,prediesel,151.1
2026-06-28,NSW,Newcastle,ulp91,139.6
2026-06-28,NSW,Sydney,diesel,146.7
2026-06-28,NSW,Sydney,e10,136.4
2026-06-28,NSW,Sydney,p95,156.3
2026-06-28,NSW,Sydney,p98,152.5
2026-06-28,NSW,Sydney,prediesel,158.6
2026-06-28,NSW,Sydney,ulp91,136.0
2026-06-28,QLD,Brisbane,diesel,165.7
2026-06-28,QLD,Brisbane,e10,159.2
2026-06-28,QLD,Brisbane,p95,163.4
2026-06-28,QLD,Brisbane,p98,166.7
2026-06-28,QLD,Brisbane,ulp91,153.3
2026-06-28,QLD,Gladstone,diesel,157.8
2026-06-28,QLD,Gladstone,p95,157.8
2026-06-28,QLD,Gladstone,ulp91,150.0
2026-06-28,QLD,Mackay,diesel,151.7
2026-06-28,QLD,Mackay,e10,146.3
2026-06-28,QLD,Mackay,p95,153.0
2026-06-28,QLD,Mackay,ulp91,144.7
2026-06-28,SA,Birkenhead,diesel,147.3
2026-06-28,SA,Birkenhead,p95,146.3
2026-06-28,SA,Birkenhead,p98,155.8
2026-06-28,SA,Birkenhead,prediesel,148.5
2026-06-28,SA,Birkenhead,ulp91,140.2
2026-06-28,VIC,Melbourne,diesel,151.6
2026-06-28,VIC,Melbourne,e10,139.8
2026-06-28,VIC,Melbourne,p95,147.5
2026-06-28,VIC,Melbourne,p98,155.1
2026-06-28,VIC,Melbourne,prediesel,152.4
2026-06-28,VIC,Melbourne,ulp91,139.1
2026-06-29,NSW,Newcastle,diesel,150.1
2026-06-29,NSW,Newcastle,e10,139.7
2026-06-29,NSW,Newcastle,p95,148.5
2026-06-29,NSW,Newcastle,prediesel,151.0
2026-06-29,NSW,Newcastle,ulp91,139.2
2026-06-29,NSW,Sydney,diesel,146.6
2026-06-29,NSW,Sydney,e10,136.1
2026-06-29,NSW,Sydney,p95,156.0
2026-06-29,NSW,Sydney,p98,152.2
2026-06-29,NSW,Sydney,prediesel,158.5
2026-06-29,NSW,Sydney,ulp91,135.7
2026-06-29,QLD,Brisbane,diesel,165.7
2026-06-29,QLD,Brisbane,e10,159.2
2026-06-29,QLD,Brisbane,p95,163.2
2026-06-29,QLD,Brisbane,p98,166.5
2026-06-29,QLD,Brisbane,ulp91,153.3
2026-06-29,QLD,Gladstone,diesel,157.7
2026-06-29,QLD,Gladstone,p95,157.4
2026-06-29,QLD,Gladstone,ulp91,149.7
2026-06-29,QLD,Mackay,diesel,151.6
2026-06-29,QLD,Mackay,e10,146.1
2026-06-29,QLD,Mackay,p95,152.7
2026-06-29,QLD,Mackay,ulp91,144.4
2026-06-29,SA,Birkenhead,diesel,147.2
2026-06-29,SA,Birkenhead,p95,145.9
2026-06-29,SA,Birkenhead,p98,155.5
2026-06-29,SA,Birkenhead,prediesel,148.4
2026-06-29,SA,Birkenhead,ulp91,139.9
2026-06-29,VIC,Melbourne,diesel,151.4
2026-06-29,VIC,Melbourne,e10,139.5
2026-06-29,VIC,Melbourne,p95,147.2
2026-06-29,VIC,Melbourne,p98,154.9
2026-06-29,VIC,Melbourne,prediesel,152.3
2026-06-29,VIC,Melbourne,ulp91,138.8
2026-06-30,NSW,Newcastle,diesel,168.6
2026-06-30,NSW,Newcastle,e10,156.4
2026-06-30,NSW,Newcastle,p95,166.4
2026-06-30,NSW,Newcastle,prediesel,169.4
2026-06-30,NSW,Newcastle,ulp91,157.2
2026-06-30,NSW,Sydney,diesel,165.1
2026-06-30,NSW,Sydney,e10,152.9
2026-06-30,NSW,Sydney,p95,173.9
2026-06-30,NSW,Sydney,p98,170.2
2026-06-30,NSW,Sydney,prediesel,177.0
2026-06-30,NSW,Sydney,ulp91,153.6
2026-06-30,QLD,Brisbane,diesel,183.7
2026-06-30,QLD,Brisbane,e10,175.7
2026-06-30,QLD,Brisbane,p95,180.8
2026-06-30,QLD,Brisbane,p98,184.1
2026-06-30,QLD,Brisbane,ulp91,170.9
2026-06-30,QLD,Gladstone,diesel,176.3
2026-06-30,QLD,Gladstone,p95,175.6
2026-06-30,QLD,Gladstone,ulp91,167.9
2026-06-30,QLD,Mackay,diesel,170.2
2026-06-30,QLD,Mackay,e10,164.0
2026-06-30,QLD,Mackay,p95,170.8
2026-06-30,QLD,Mackay,ulp91,162.5
2026-06-30,SA,Birkenhead,diesel,165.7
2026-06-30,SA,Birkenhead,p95,163.9
2026-06-30,SA,Birkenhead,p98,173.5
2026-06-30,SA,Birkenhead,prediesel,166.9
2026-06-30,SA,Birkenhead,ulp91,157.9
2026-06-30,VIC,Melbourne,diesel,170.0
2026-06-30,VIC,Melbourne,e10,156.2
2026-06-30,VIC,Melbourne,p95,165.1
2026-06-30,VIC,Melbourne,p98,172.8
2026-06-30,VIC,Melbourne,prediesel,170.9
2026-06-30,VIC,Melbourne,ulp91,156.7
2026-07-01,NSW,Newcastle,diesel,169.0
2026-07-01,NSW,Newcastle,e10,155.9
2026-07-01,NSW,Newcastle,p95,165.9
2026-07-01,NSW,Newcastle,prediesel,169.8
2026-07-01,NSW,Newcastle,ulp91,156.1
2026-07-01,NSW,Sydney,diesel,167.9
2026-07-01,NSW,Sydney,e10,153.9
2026-07-01,NSW,Sydney,p95,175.9
2026-07-01,NSW,Sydney,p98,173.0
2026-07-01,NSW,Sydney,prediesel,179.8
2026-07-01,NSW,Sydney,ulp91,155.0
2026-07-01,QLD,Brisbane,diesel,184.2
2026-07-01,QLD,Brisbane,e10,175.4
2026-07-01,QLD,Brisbane,p95,180.4
2026-07-01,QLD,Brisbane,p98,183.8
2026-07-01,QLD,Brisbane,ulp91,170.7
2026-07-01,QLD,Gladstone,diesel,176.6
2026-07-01,QLD,Gladstone,p95,175.0
2026-07-01,QLD,Gladstone,ulp91,167.2
2026-07-01,QLD,Mackay,diesel,170.5
2026-07-01,QLD,Mackay,e10,162.5
2026-07-01,QLD,Mackay,p95,170.2
2026-07-01,QLD,Mackay,ulp91,161.9
2026-07-01,SA,Birkenhead,diesel,166.1
2026-07-01,SA,Birkenhead,p95,163.4
2026-07-01,SA,Birkenhead,p98,173.0
2026-07-01,SA,Birkenhead,prediesel,167.3
2026-07-01,SA,Birkenhead,ulp91,157.4
2026-07-01,VIC,Melbourne,diesel,173.0
2026-07-01,VIC,Melbourne,e10,157.6
2026-07-01,VIC,Melbourne,p95,167.1
2026-07-01,VIC,Melbourne,p98,175.6
2026-07-01,VIC,Melbourne,prediesel,173.9
2026-07-01,VIC,Melbourne,ulp91,159.3
2026-07-02,NSW,Newcastle,diesel,169.4
2026-07-02,NSW,Newcastle,e10,155.0
2026-07-02,NSW,Newcastle,p95,164.9
2026-07-02,NSW,Newcastle,prediesel,170.2
2026-07-02,NSW,Newcastle,ulp91,155.1
2026-07-02,NSW,Sydney,diesel,168.3
2026-07-02,NSW,Sydney,e10,153.0
2026-07-02,NSW,Sydney,p95,174.9
2026-07-02,NSW,Sydney,p98,172.1
2026-07-02,NSW,Sydney,prediesel,180.2
2026-07-02,NSW,Sydney,ulp91,154.0
2026-07-02,QLD,Brisbane,diesel,184.7
2026-07-02,QLD,Brisbane,e10,174.5
2026-07-02,QLD,Brisbane,p95,179.5
2026-07-02,QLD,Brisbane,p98,182.9
2026-07-02,QLD,Brisbane,ulp91,169.8
2026-07-02,QLD,Gladstone,diesel,177.0
2026-07-02,QLD,Gladstone,p95,174.0
2026-07-02,QLD,Gladstone,ulp91,166.2
2026-07-02,QLD,Mackay,diesel,170.9
2026-07-02,QLD,Mackay,e10,161.6
2026-07-02,QLD,Mackay,p95,169.2
2026-07-02,QLD,Mackay,ulp91,160.9
2026-07-02,SA,Birkenhead,diesel,166.5
2026-07-02,SA,Birkenhead,p95,162.4
2026-07-02,SA,Birkenhead,p98,172.0
2026-07-02,SA,Birkenhead,prediesel,167.7
2026-07-02,SA,Birkenhead,ulp91,156.3
2026-07-02,VIC,Melbourne,diesel,173.4
2026-07-02,VIC,Melbourne,e10,156.7
2026-07-02,VIC,Melbourne,p95,166.1
2026-07-02,VIC,Melbourne,p98,174.6
2026-07-02,VIC,Melbourne,prediesel,174.3
2026-07-02,VIC,Melbourne,ulp91,158.3
2026-07-03,NSW,Newcastle,diesel,172.5
2026-07-03,NSW,Newcastle,e10,154.3
2026-07-03,NSW,Newcastle,p95,164.1
2026-07-03,NSW,Newcastle,prediesel,173.4
2026-07-03,NSW,Newcastle,ulp91,154.3
2026-07-03,NSW,Sydney,diesel,171.5
2026-07-03,NSW,Sydney,e10,152.2
2026-07-03,NSW,Sydney,p95,174.1
2026-07-03,NSW,Sydney,p98,171.3
2026-07-03,NSW,Sydney,prediesel,183.3
2026-07-03,NSW,Sydney,ulp91,153.2
2026-07-03,QLD,Brisbane,diesel,185.8
2026-07-03,QLD,Brisbane,e10,172.8
2026-07-03,QLD,Brisbane,p95,179.7
2026-07-03,QLD,Brisbane,p98,181.9
2026-07-03,QLD,Brisbane,ulp91,168.9
2026-07-03,QLD,Gladstone,diesel,181.9
2026-07-03,QLD,Gladstone,p95,173.2
2026-07-03,QLD,Gladstone,ulp91,165.4
2026-07-03,QLD,Mackay,diesel,175.8
2026-07-03,QLD,Mackay,e10,160.9
2026-07-03,QLD,Mackay,p95,168.4
2026-07-03,QLD,Mackay,ulp91,160.1
2026-07-03,SA,Birkenhead,diesel,170.3
2026-07-03,SA,Birkenhead,p95,161.6
2026-07-03,SA,Birkenhead,p98,171.2
2026-07-03,SA,Birkenhead,prediesel,171.5
2026-07-03,SA,Birkenhead,ulp91,155.6
2026-07-03,VIC,Melbourne,diesel,174.7
2026-07-03,VIC,Melbourne,e10,156.0
2026-07-03,VIC,Melbourne,p95,165.3
2026-07-03,VIC,Melbourne,p98,173.9
2026-07-03,VIC,Melbourne,prediesel,175.6
2026-07-03,VIC,Melbourne,ulp91,157.5
2026-07-05,NSW,Newcastle,diesel,172.5
2026-07-05,NSW,Newcastle,e10,154.3
2026-07-05,NSW,Newcastle,p95,164.1
2026-07-05,NSW,Newcastle,prediesel,173.4
2026-07-05,NSW,Newcastle,ulp91,154.3
2026-07-05,NSW,Sydney,diesel,171.5
2026-07-05,NSW,Sydney,e10,152.2
2026-07-05,NSW,Sydney,p95,174.1
2026-07-05,NSW,Sydney,p98,171.3
2026-07-05,NSW,Sydney,prediesel,183.3
2026-07-05,NSW,Sydney,ulp91,153.2
2026-07-05,QLD,Brisbane,diesel,185.8
2026-07-05,QLD,Brisbane,e10,172.8
2026-07-05,QLD,Brisbane,p95,179.7
2026-07-05,QLD,Brisbane,p98,181.9
2026-07-05,QLD,Brisbane,ulp91,168.9
2026-07-05,QLD,Gladstone,diesel,181.9
2026-07-05,QLD,Gladstone,p95,173.2
2026-07-05,QLD,Gladstone,ulp91,165.4
2026-07-05,QLD,Mackay,diesel,175.8
2026-07-05,QLD,Mackay,e10,160.9
2026-07-05,QLD,Mackay,p95,168.4
2026-07-05,QLD,Mackay,ulp91,160.1
2026-07-05,SA,Birkenhead,diesel,170.3
2026-07-05,SA,Birkenhead,p95,161.6
2026-07-05,SA,Birkenhead,p98,171.2
2026-07-05,SA,Birkenhead,prediesel,171.5
2026-07-05,SA,Birkenhead,ulp91,155.6
2026-07-05,VIC,Melbourne,diesel,174.7
2026-07-05,VIC,Melbourne,e10,156.0
2026-07-05,VIC,Melbourne,p95,165.3
2026-07-05,VIC,Melbourne,p98,173.9
2026-07-05,VIC,Melbourne,prediesel,175.6
2026-07-05,VIC,Melbourne,ulp91,157.5
2026-07-06,NSW,Newcastle,diesel,173.2
2026-07-06,NSW,Newcastle,e10,154.0
2026-07-06,NSW,Newcastle,p95,163.9
2026-07-06,NSW,Newcastle,prediesel,174.0
2026-07-06,NSW,Newcastle,ulp91,154.0
2026-07-06,NSW,Sydney,diesel,172.1
2026-07-06,NSW,Sydney,e10,152.0
2026-07-06,NSW,Sydney,p95,173.9
2026-07-06,NSW,Sydney,p98,171.1
2026-07-06,NSW,Sydney,prediesel,184.0
2026-07-06,NSW,Sydney,ulp91,152.9
2026-07-06,QLD,Brisbane,diesel,186.0
2026-07-06,QLD,Brisbane,e10,172.4
2026-07-06,QLD,Brisbane,p95,179.5
2026-07-06,QLD,Brisbane,p98,181.7
2026-07-06,QLD,Brisbane,ulp91,168.6
2026-07-06,QLD,Gladstone,diesel,182.5
2026-07-06,QLD,Gladstone,p95,173.0
2026-07-06,QLD,Gladstone,ulp91,165.2
2026-07-06,QLD,Mackay,diesel,176.4
2026-07-06,QLD,Mackay,e10,160.7
2026-07-06,QLD,Mackay,p95,168.2
2026-07-06,QLD,Mackay,ulp91,159.8
2026-07-06,SA,Birkenhead,diesel,170.9
2026-07-06,SA,Birkenhead,p95,161.3
2026-07-06,SA,Birkenhead,p98,171.0
2026-07-06,SA,Birkenhead,prediesel,172.1
2026-07-06,SA,Birkenhead,ulp91,155.3
2026-07-06,VIC,Melbourne,diesel,175.3
2026-07-06,VIC,Melbourne,e10,155.8
2026-07-06,VIC,Melbourne,p95,165.1
2026-07-06,VIC,Melbourne,p98,173.6
2026-07-06,VIC,Melbourne,prediesel,176.2
2026-07-06,VIC,Melbourne,ulp91,157.3
2026-07-07,NSW,Newcastle,diesel,173.8
2026-07-07,NSW,Newcastle,e10,154.1
2026-07-07,NSW,Newcastle,p95,164.0
2026-07-07,NSW,Newcastle,prediesel,174.7
2026-07-07,NSW,Newcastle,ulp91,154.1
2026-07-07,NSW,Sydney,diesel,172.7
2026-07-07,NSW,Sydney,e10,152.1
2026-07-07,NSW,Sydney,p95,174.0
2026-07-07,NSW,Sydney,p98,171.2
2026-07-07,NSW,Sydney,prediesel,184.6
2026-07-07,NSW,Sydney,ulp91,153.0
2026-07-07,QLD,Brisbane,diesel,186.3
2026-07-07,QLD,Brisbane,e10,172.3
2026-07-07,QLD,Brisbane,p95,179.7
2026-07-07,QLD,Brisbane,p98,181.7
2026-07-07,QLD,Brisbane,ulp91,168.5
2026-07-07,QLD,Gladstone,diesel,183.1
2026-07-07,QLD,Gladstone,p95,173.1
2026-07-07,QLD,Gladstone,ulp91,165.2
2026-07-07,QLD,Mackay,diesel,177.0
2026-07-07,QLD,Mackay,e10,160.7
2026-07-07,QLD,Mackay,p95,168.3
2026-07-07,QLD,Mackay,ulp91,159.9
2026-07-07,SA,Birkenhead,diesel,171.5
2026-07-07,SA,Birkenhead,p95,161.5
2026-07-07,SA,Birkenhead,p98,171.1
2026-07-07,SA,Birkenhead,prediesel,172.7
2026-07-07,SA,Birkenhead,ulp91,155.4
2026-07-07,VIC,Melbourne,diesel,175.9
2026-07-07,VIC,Melbourne,e10,155.8
2026-07-07,VIC,Melbourne,p95,165.2
2026-07-07,VIC,Melbourne,p98,173.8
2026-07-07,VIC,Melbourne,prediesel,176.8
2026-07-07,VIC,Melbourne,ulp91,157.3
2026-07-08,NSW,Newcastle,diesel,174.4
2026-07-08,NSW,Newcastle,e10,153.5
2026-07-08,NSW,Newcastle,p95,163.3
2026-07-08,NSW,Newcastle,prediesel,175.3
2026-07-08,NSW,Newcastle,ulp91,153.5
2026-07-08,NSW,Sydney,diesel,173.3
2026-07-08,NSW,Sydney,e10,151.5
2026-07-08,NSW,Sydney,p95,173.4
2026-07-08,NSW,Sydney,p98,170.6
2026-07-08,NSW,Sydney,prediesel,185.2
2026-07-08,NSW,Sydney,ulp91,152.4
2026-07-08,QLD,Brisbane,diesel,186.9
2026-07-08,QLD,Brisbane,e10,171.8
2026-07-08,QLD,Brisbane,p95,179.2
2026-07-08,QLD,Brisbane,p98,181.0
2026-07-08,QLD,Brisbane,ulp91,167.9
2026-07-08,QLD,Gladstone,diesel,183.7
2026-07-08,QLD,Gladstone,p95,172.4
2026-07-08,QLD,Gladstone,ulp91,164.6
2026-07-08,QLD,Mackay,diesel,177.6
2026-07-08,QLD,Mackay,e10,160.2
2026-07-08,QLD,Mackay,p95,167.7
2026-07-08,QLD,Mackay,ulp91,159.3
2026-07-08,SA,Birkenhead,diesel,172.2
2026-07-08,SA,Birkenhead,p95,160.8
2026-07-08,SA,Birkenhead,p98,170.5
2026-07-08,SA,Birkenhead,prediesel,173.4
2026-07-08,SA,Birkenhead,ulp91,154.7
2026-07-08,VIC,Melbourne,diesel,176.6
2026-07-08,VIC,Melbourne,e10,155.2
2026-07-08,VIC,Melbourne,p95,164.6
2026-07-08,VIC,Melbourne,p98,173.1
2026-07-08,VIC,Melbourne,prediesel,177.4
2026-07-08,VIC,Melbourne,ulp91,156.7
2026-07-10,NSW,Newcastle,diesel,177.2
2026-07-10,NSW,Newcastle,e10,152.2
2026-07-10,NSW,Newcastle,p95,161.8
2026-07-10,NSW,Newcastle,prediesel,178.1
2026-07-10,NSW,Newcastle,ulp91,152.6
2026-07-10,NSW,Sydney,diesel,176.2
2026-07-10,NSW,Sydney,e10,150.2
2026-07-10,NSW,Sydney,p95,171.9
2026-07-10,NSW,Sydney,p98,169.0
2026-07-10,NSW,Sydney,prediesel,188.1
2026-07-10,NSW,Sydney,ulp91,150.8
2026-07-10,QLD,Brisbane,diesel,189.4
2026-07-10,QLD,Brisbane,e10,170.5
2026-07-10,QLD,Brisbane,p95,177.8
2026-07-10,QLD,Brisbane,p98,179.5
2026-07-10,QLD,Brisbane,ulp91,166.6
2026-07-10,QLD,Gladstone,diesel,186.6
2026-07-10,QLD,Gladstone,p95,170.9
2026-07-10,QLD,Gladstone,ulp91,163.1
2026-07-10,QLD,Mackay,diesel,180.5
2026-07-10,QLD,Mackay,e10,158.8
2026-07-10,QLD,Mackay,p95,166.1
2026-07-10,QLD,Mackay,ulp91,157.8
2026-07-10,SA,Birkenhead,diesel,175.0
2026-07-10,SA,Birkenhead,p95,159.3
2026-07-10,SA,Birkenhead,p98,168.9
2026-07-10,SA,Birkenhead,prediesel,176.2
2026-07-10,SA,Birkenhead,ulp91,153.2
2026-07-10,VIC,Melbourne,diesel,176.8
2026-07-10,VIC,Melbourne,e10,152.0
2026-07-10,VIC,Melbourne,p95,160.5
2026-07-10,VIC,Melbourne,p98,168.3
2026-07-10,VIC,Melbourne,prediesel,177.7
2026-07-10,VIC,Melbourne,ulp91,152.0
2026-07-11,NSW,Newcastle,diesel,177.2
2026-07-11,NSW,Newcastle,e10,152.2
2026-07-11,NSW,Newcastle,p95,161.8
2026-07-11,NSW,Newcastle,prediesel,178.1
2026-07-11,NSW,Newcastle,ulp91,152.6
2026-07-11,NSW,Sydney,diesel,176.2
2026-07-11,NSW,Sydney,e10,150.2
2026-07-11,NSW,Sydney,p95,171.9
2026-07-11,NSW,Sydney,p98,169.0
2026-07-11,NSW,Sydney,prediesel,188.1
2026-07-11,NSW,Sydney,ulp91,150.8
2026-07-11,QLD,Brisbane,diesel,189.4
2026-07-11,QLD,Brisbane,e10,170.5
2026-07-11,QLD,Brisbane,p95,177.8
2026-07-11,QLD,Brisbane,p98,179.5
2026-07-11,QLD,Brisbane,ulp91,166.6
2026-07-11,QLD,Gladstone,diesel,186.6
2026-07-11,QLD,Gladstone,p95,170.9
2026-07-11,QLD,Gladstone,ulp91,163.1
2026-07-11,QLD,Mackay,diesel,180.5
2026-07-11,QLD,Mackay,e10,158.8
2026-07-11,QLD,Mackay,p95,166.1
2026-07-11,QLD,Mackay,ulp91,157.8
2026-07-11,SA,Birkenhead,diesel,175.0
2026-07-11,SA,Birkenhead,p95,159.3
2026-07-11,SA,Birkenhead,p98,168.9
2026-07-11,SA,Birkenhead,prediesel,176.2
2026-07-11,SA,Birkenhead,ulp91,153.2
2026-07-11,VIC,Melbourne,diesel,176.8
2026-07-11,VIC,Melbourne,e10,152.0
2026-07-11,VIC,Melbourne,p95,160.5
2026-07-11,VIC,Melbourne,p98,168.3
2026-07-11,VIC,Melbourne,prediesel,177.7
2026-07-11,VIC,Melbourne,ulp91,152.0
2026-07-12,NSW,Newcastle,diesel,177.2
2026-07-12,NSW,Newcastle,e10,152.2
2026-07-12,NSW,Newcastle,p95,161.8
2026-07-12,NSW,Newcastle,prediesel,178.1
2026-07-12,NSW,Newcastle,ulp91,152.6
2026-07-12,NSW,Sydney,diesel,176.2
2026-07-12,NSW,Sydney,e10,150.2
2026-07-12,NSW,Sydney,p95,171.9
2026-07-12,NSW,Sydney,p98,169.0
2026-07-12,NSW,Sydney,prediesel,188.1
2026-07-12,NSW,Sydney,ulp91,150.8
2026-07-12,QLD,Brisbane,diesel,189.4
2026-07-12,QLD,Brisbane,e10,170.5
2026-07-12,QLD,Brisbane,p95,177.8
2026-07-12,QLD,Brisbane,p98,179.5
2026-07-12,QLD,Brisbane,ulp91,166.6
2026-07-12,QLD,Gladstone,diesel,186.6
2026-07-12,QLD,Gladstone,p95,170.9
2026-07-12,QLD,Gladstone,ulp91,163.1
2026-07-12,QLD,Mackay,diesel,180.5
2026-07-12,QLD,Mackay,e10,158.8
2026-07-12,QLD,Mackay,p95,166.1
2026-07-12,QLD,Mackay,ulp91,157.8
2026-07-12,SA,Birkenhead,diesel,175.0
2026-07-12,SA,Birkenhead,p95,159.3
2026-07-12,SA,Birkenhead,p98,168.9
2026-07-12,SA,Birkenhead,prediesel,176.2
2026-07-12,SA,Birkenhead,ulp91,153.2
2026-07-12,VIC,Melbourne,diesel,176.8
2026-07-12,VIC,Melbourne,e10,152.0
2026-07-12,VIC,Melbourne,p95,160.5
2026-07-12,VIC,Melbourne,p98,168.3
2026-07-12,VIC,Melbourne,prediesel,177.7
2026-07-12,VIC,Melbourne,ulp91,152.0
2026-07-13,NSW,Newcastle,diesel,178.9
2026-07-13,NSW,Newcastle,e10,154.2
2026-07-13,NSW,Newcastle,p95,164.2
2026-07-13,NSW,Newcastle,prediesel,179.8
2026-07-13,NSW,Newcastle,ulp91,154.9
2026-07-13,NSW,Sydney,diesel,177.8
2026-07-13,NSW,Sydney,e10,152.2
2026-07-13,NSW,Sydney,p95,174.3
2026-07-13,NSW,Sydney,p98,171.4
2026-07-13,NSW,Sydney,prediesel,189.7
2026-07-13,NSW,Sydney,ulp91,153.1
2026-07-13,QLD,Brisbane,diesel,190.6
2026-07-13,QLD,Brisbane,e10,170.4
2026-07-13,QLD,Brisbane,p95,178.1
2026-07-13,QLD,Brisbane,p98,179.8
2026-07-13,QLD,Brisbane,ulp91,166.5
2026-07-13,QLD,Gladstone,diesel,188.2
2026-07-13,QLD,Gladstone,p95,173.3
2026-07-13,QLD,Gladstone,ulp91,165.4
2026-07-13,QLD,Mackay,diesel,182.1
2026-07-13,QLD,Mackay,e10,160.9
2026-07-13,QLD,Mackay,p95,168.5
2026-07-13,QLD,Mackay,ulp91,160.1
2026-07-13,SA,Birkenhead,diesel,176.7
2026-07-13,SA,Birkenhead,p95,161.7
2026-07-13,SA,Birkenhead,p98,171.3
2026-07-13,SA,Birkenhead,prediesel,177.9
2026-07-13,SA,Birkenhead,ulp91,155.5
2026-07-13,VIC,Melbourne,diesel,178.4
2026-07-13,VIC,Melbourne,e10,153.4
2026-07-13,VIC,Melbourne,p95,162.9
2026-07-13,VIC,Melbourne,p98,170.6
2026-07-13,VIC,Melbourne,prediesel,179.3
2026-07-13,VIC,Melbourne,ulp91,153.7
2026-07-14,NSW,Newcastle,diesel,182.1
2026-07-14,NSW,Newcastle,e10,154.8
2026-07-14,NSW,Newcastle,p95,164.9
2026-07-14,NSW,Newcastle,prediesel,183.0
2026-07-14,NSW,Newcastle,ulp91,155.4
2026-07-14,NSW,Sydney,diesel,181.1
2026-07-14,NSW,Sydney,e10,152.8
2026-07-14,NSW,Sydney,p95,174.9
2026-07-14,NSW,Sydney,p98,172.0
2026-07-14,NSW,Sydney,prediesel,192.9
2026-07-14,NSW,Sydney,ulp91,153.7
2026-07-14,QLD,Brisbane,diesel,192.7
2026-07-14,QLD,Brisbane,e10,171.0
2026-07-14,QLD,Brisbane,p95,179.3
2026-07-14,QLD,Brisbane,p98,180.7
2026-07-14,QLD,Brisbane,ulp91,167.2
2026-07-14,QLD,Gladstone,diesel,191.5
2026-07-14,QLD,Gladstone,p95,174.0
2026-07-14,QLD,Gladstone,ulp91,166.0
2026-07-14,QLD,Mackay,diesel,185.4
2026-07-14,QLD,Mackay,e10,161.4
2026-07-14,QLD,Mackay,p95,169.2
2026-07-14,QLD,Mackay,ulp91,160.7
2026-07-14,SA,Birkenhead,diesel,179.9
2026-07-14,SA,Birkenhead,p95,162.3
2026-07-14,SA,Birkenhead,p98,171.9
2026-07-14,SA,Birkenhead,prediesel,181.1
2026-07-14,SA,Birkenhead,ulp91,156.1
2026-07-14,VIC,Melbourne,diesel,181.7
2026-07-14,VIC,Melbourne,e10,154.0
2026-07-14,VIC,Melbourne,p95,163.5
2026-07-14,VIC,Melbourne,p98,171.3
2026-07-14,VIC,Melbourne,prediesel,182.6
2026-07-14,VIC,Melbourne,ulp91,154.2
2026-07-15,NSW,Newcastle,diesel,189.5
2026-07-15,NSW,Newcastle,e10,156.9
2026-07-15,NSW,Newcastle,p95,166.7
2026-07-15,NSW,Newcastle,prediesel,190.4
2026-07-15,NSW,Newcastle,ulp91,157.3
2026-07-15,NSW,Sydney,diesel,188.4
2026-07-15,NSW,Sydney,e10,154.8
2026-07-15,NSW,Sydney,p95,176.8
2026-07-15,NSW,Sydney,p98,173.9
2026-07-15,NSW,Sydney,prediesel,200.3
2026-07-15,NSW,Sydney,ulp91,155.5
2026-07-15,QLD,Brisbane,diesel,199.5
2026-07-15,QLD,Brisbane,e10,172.9
2026-07-15,QLD,Brisbane,p95,181.3
2026-07-15,QLD,Brisbane,p98,182.8
2026-07-15,QLD,Brisbane,ulp91,169.0
2026-07-15,QLD,Gladstone,diesel,198.9
2026-07-15,QLD,Gladstone,p95,175.8
2026-07-15,QLD,Gladstone,ulp91,167.8
2026-07-15,QLD,Mackay,diesel,192.8
2026-07-15,QLD,Mackay,e10,163.1
2026-07-15,QLD,Mackay,p95,171.1
2026-07-15,QLD,Mackay,ulp91,162.5
2026-07-15,SA,Birkenhead,diesel,187.3
2026-07-15,SA,Birkenhead,p95,164.2
2026-07-15,SA,Birkenhead,p98,173.8
2026-07-15,SA,Birkenhead,prediesel,188.5
2026-07-15,SA,Birkenhead,ulp91,157.9
2026-07-15,VIC,Melbourne,diesel,189.1
2026-07-15,VIC,Melbourne,e10,156.1
2026-07-15,VIC,Melbourne,p95,165.4
2026-07-15,VIC,Melbourne,p98,173.2
2026-07-15,VIC,Melbourne,prediesel,189.9
2026-07-15,VIC,Melbourne,ulp91,156.1
2026-07-16,NSW,Newcastle,diesel,194.4
2026-07-16,NSW,Newcastle,e10,159.1
2026-07-16,NSW,Newcastle,p95,169.1
2026-07-16,NSW,Newcastle,prediesel,195.3
2026-07-16,NSW,Newcastle,ulp91,159.6
2026-07-16,NSW,Sydney,diesel,193.3
2026-07-16,NSW,Sydney,e10,157.1
2026-07-16,NSW,Sydney,p95,179.2
2026-07-16,NSW,Sydney,p98,176.3
2026-07-16,NSW,Sydney,prediesel,205.2
2026-07-16,NSW,Sydney,ulp91,157.9
2026-07-16,QLD,Brisbane,diesel,203.8
2026-07-16,QLD,Brisbane,e10,174.4
2026-07-16,QLD,Brisbane,p95,182.7
2026-07-16,QLD,Brisbane,p98,184.1
2026-07-16,QLD,Brisbane,ulp91,170.6
2026-07-16,QLD,Gladstone,diesel,203.8
2026-07-16,QLD,Gladstone,p95,178.3
2026-07-16,QLD,Gladstone,ulp91,170.2
2026-07-16,QLD,Mackay,diesel,197.7
2026-07-16,QLD,Mackay,e10,165.3
2026-07-16,QLD,Mackay,p95,173.5
2026-07-16,QLD,Mackay,ulp91,164.9
2026-07-16,SA,Birkenhead,diesel,192.2
2026-07-16,SA,Birkenhead,p95,166.6
2026-07-16,SA,Birkenhead,p98,176.2
2026-07-16,SA,Birkenhead,prediesel,193.4
2026-07-16,SA,Birkenhead,ulp91,160.3
2026-07-16,VIC,Melbourne,diesel,194.0
2026-07-16,VIC,Melbourne,e10,158.3
2026-07-16,VIC,Melbourne,p95,167.8
2026-07-16,VIC,Melbourne,p98,175.6
2026-07-16,VIC,Melbourne,prediesel,194.9
2026-07-16,VIC,Melbourne,ulp91,158.4
2026-07-17,NSW,Newcastle,diesel,197.4
2026-07-17,NSW,Newcastle,e10,161.1
2026-07-17,NSW,Newcastle,p95,171.2
2026-07-17,NSW,Newcastle,prediesel,198.3
2026-07-17,NSW,Newcastle,ulp91,161.7
2026-07-17,NSW,Sydney,diesel,196.3
2026-07-17,NSW,Sydney,e10,159.1
2026-07-17,NSW,Sydney,p95,181.3
2026-07-17,NSW,Sydney,p98,178.4
2026-07-17,NSW,Sydney,prediesel,208.2
2026-07-17,NSW,Sydney,ulp91,160.0
2026-07-17,QLD,Brisbane,diesel,207.4
2026-07-17,QLD,Brisbane,e10,176.0
2026-07-17,QLD,Brisbane,p95,184.4
2026-07-17,QLD,Brisbane,p98,185.9
2026-07-17,QLD,Brisbane,ulp91,172.2
2026-07-17,QLD,Gladstone,diesel,206.8
2026-07-17,QLD,Gladstone,p95,180.4
2026-07-17,QLD,Gladstone,ulp91,172.3
2026-07-17,QLD,Mackay,diesel,200.7
2026-07-17,QLD,Mackay,e10,167.3
2026-07-17,QLD,Mackay,p95,175.6
2026-07-17,QLD,Mackay,ulp91,167.0
2026-07-17,SA,Birkenhead,diesel,195.2
2026-07-17,SA,Birkenhead,p95,168.7
2026-07-17,SA,Birkenhead,p98,178.3
2026-07-17,SA,Birkenhead,prediesel,196.4
2026-07-17,SA,Birkenhead,ulp91,162.4
2026-07-17,VIC,Melbourne,diesel,197.0
2026-07-17,VIC,Melbourne,e10,160.3
2026-07-17,VIC,Melbourne,p95,169.9
2026-07-17,VIC,Melbourne,p98,177.7
2026-07-17,VIC,Melbourne,prediesel,197.9
2026-07-17,VIC,Melbourne,ulp91,160.5
2026-07-18,NSW,Newcastle,diesel,197.4
2026-07-18,NSW,Newcastle,e10,161.1
2026-07-18,NSW,Newcastle,p95,171.2
2026-07-18,NSW,Newcastle,prediesel,198.3
2026-07-18,NSW,Newcastle,ulp91,161.7
2026-07-18,NSW,Sydney,diesel,196.3
2026-07-18,NSW,Sydney,e10,159.1
2026-07-18,NSW,Sydney,p95,181.3
2026-07-18,NSW,Sydney,p98,178.4
2026-07-18,NSW,Sydney,prediesel,208.2
2026-07-18,NSW,Sydney,ulp91,160.0
2026-07-18,QLD,Brisbane,diesel,207.4
2026-07-18,QLD,Brisbane,e10,176.0
2026-07-18,QLD,Brisbane,p95,184.4
2026-07-18,QLD,Brisbane,p98,185.9
2026-07-18,QLD,Brisbane,ulp91,172.2
2026-07-18,QLD,Gladstone,diesel,206.8
2026-07-18,QLD,Gladstone,p95,180.4
2026-07-18,QLD,Gladstone,ulp91,172.3
2026-07-18,QLD,Mackay,diesel,200.7
2026-07-18,QLD,Mackay,e10,167.3
2026-07-18,QLD,Mackay,p95,175.6
2026-07-18,QLD,Mackay,ulp91,167.0
2026-07-18,SA,Birkenhead,diesel,195.2
2026-07-18,SA,Birkenhead,p95,168.7
2026-07-18,SA,Birkenhead,p98,178.3
2026-07-18,SA,Birkenhead,prediesel,196.4
2026-07-18,SA,Birkenhead,ulp91,162.4
2026-07-18,VIC,Melbourne,diesel,197.0
2026-07-18,VIC,Melbourne,e10,160.3
2026-07-18,VIC,Melbourne,p95,169.9
2026-07-18,VIC,Melbourne,p98,177.7
2026-07-18,VIC,Melbourne,prediesel,197.9
2026-07-18,VIC,Melbourne,ulp91,160.5
2026-07-19,NSW,Newcastle,diesel,197.4
2026-07-19,NSW,Newcastle,e10,161.1
2026-07-19,NSW,Newcastle,p95,171.2
2026-07-19,NSW,Newcastle,prediesel,198.3
2026-07-19,NSW,Newcastle,ulp91,161.7
2026-07-19,NSW,Sydney,diesel,196.3
2026-07-19,NSW,Sydney,e10,159.1
2026-07-19,NSW,Sydney,p95,181.3
2026-07-19,NSW,Sydney,p98,178.4
2026-07-19,NSW,Sydney,prediesel,208.2
2026-07-19,NSW,Sydney,ulp91,160.0
2026-07-19,QLD,Brisbane,diesel,207.4
2026-07-19,QLD,Brisbane,e10,176.0
2026-07-19,QLD,Brisbane,p95,184.4
2026-07-19,QLD,Brisbane,p98,185.9
2026-07-19,QLD,Brisbane,ulp91,172.2
2026-07-19,QLD,Gladstone,diesel,206.8
2026-07-19,QLD,Gladstone,p95,180.4
2026-07-19,QLD,Gladstone,ulp91,172.3
2026-07-19,QLD,Mackay,diesel,200.7
2026-07-19,QLD,Mackay,e10,167.3
2026-07-19,QLD,Mackay,p95,175.6
2026-07-19,QLD,Mackay,ulp91,167.0
2026-07-19,SA,Birkenhead,diesel,195.2
2026-07-19,SA,Birkenhead,p95,168.7
2026-07-19,SA,Birkenhead,p98,178.3
2026-07-19,SA,Birkenhead,prediesel,196.4
2026-07-19,SA,Birkenhead,ulp91,162.4
2026-07-19,VIC,Melbourne,diesel,197.0
2026-07-19,VIC,Melbourne,e10,160.3
2026-07-19,VIC,Melbourne,p95,169.9
2026-07-19,VIC,Melbourne,p98,177.7
2026-07-19,VIC,Melbourne,prediesel,197.9
2026-07-19,VIC,Melbourne,ulp91,160.5
2026-07-20,NSW,Newcastle,diesel,201.8
2026-07-20,NSW,Newcastle,e10,163.1
2026-07-20,NSW,Newcastle,p95,173.4
2026-07-20,NSW,Newcastle,prediesel,202.6
2026-07-20,NSW,Newcastle,ulp91,164.0
2026-07-20,NSW,Sydney,diesel,200.7
2026-07-20,NSW,Sydney,e10,161.1
2026-07-20,NSW,Sydney,p95,183.5
2026-07-20,NSW,Sydney,p98,180.6
2026-07-20,NSW,Sydney,prediesel,212.6
2026-07-20,NSW,Sydney,ulp91,162.2
2026-07-20,QLD,Brisbane,diesel,211.2
2026-07-20,QLD,Brisbane,e10,177.7
2026-07-20,QLD,Brisbane,p95,186.4
2026-07-20,QLD,Brisbane,p98,187.9
2026-07-20,QLD,Brisbane,ulp91,173.9
2026-07-20,QLD,Gladstone,diesel,211.2
2026-07-20,QLD,Gladstone,p95,182.6
2026-07-20,QLD,Gladstone,ulp91,174.5
2026-07-20,QLD,Mackay,diesel,205.1
2026-07-20,QLD,Mackay,e10,169.3
2026-07-20,QLD,Mackay,p95,177.8
2026-07-20,QLD,Mackay,ulp91,169.2
2026-07-20,SA,Birkenhead,diesel,199.6
2026-07-20,SA,Birkenhead,p95,170.9
2026-07-20,SA,Birkenhead,p98,180.5
2026-07-20,SA,Birkenhead,prediesel,200.8
2026-07-20,SA,Birkenhead,ulp91,164.6
2026-07-20,VIC,Melbourne,diesel,201.4
2026-07-20,VIC,Melbourne,e10,162.3
2026-07-20,VIC,Melbourne,p95,172.1
2026-07-20,VIC,Melbourne,p98,179.8
2026-07-20,VIC,Melbourne,prediesel,202.3
2026-07-20,VIC,Melbourne,ulp91,162.8
2026-07-21,NSW,Newcastle,diesel,205.0
2026-07-21,NSW,Newcastle,e10,165.6
2026-07-21,NSW,Newcastle,p95,176.1
2026-07-21,NSW,Newcastle,prediesel,205.9
2026-07-21,NSW,Newcastle,ulp91,166.7
2026-07-21,NSW,Sydney,diesel,203.9
2026-07-21,NSW,Sydney,e10,163.6
2026-07-21,NSW,Sydney,p95,186.2
2026-07-21,NSW,Sydney,p98,183.3
2026-07-21,NSW,Sydney,prediesel,215.8
2026-07-21,NSW,Sydney,ulp91,165.0
2026-07-21,QLD,Brisbane,diesel,214.3
2026-07-21,QLD,Brisbane,e10,180.0
2026-07-21,QLD,Brisbane,p95,188.9
2026-07-21,QLD,Brisbane,p98,190.4
2026-07-21,QLD,Brisbane,ulp91,176.2
2026-07-21,QLD,Gladstone,diesel,214.5
2026-07-21,QLD,Gladstone,p95,185.3
2026-07-21,QLD,Gladstone,ulp91,177.3
2026-07-21,QLD,Mackay,diesel,208.4
2026-07-21,QLD,Mackay,e10,171.8
2026-07-21,QLD,Mackay,p95,180.5
2026-07-21,QLD,Mackay,ulp91,172.0
2026-07-21,SA,Birkenhead,diesel,202.8
2026-07-21,SA,Birkenhead,p95,173.6
2026-07-21,SA,Birkenhead,p98,183.2
2026-07-21,SA,Birkenhead,prediesel,204.0
2026-07-21,SA,Birkenhead,ulp91,167.4
2026-07-21,VIC,Melbourne,diesel,204.7
2026-07-21,VIC,Melbourne,e10,164.8
2026-07-21,VIC,Melbourne,p95,174.8
2026-07-21,VIC,Melbourne,p98,182.5
2026-07-21,VIC,Melbourne,prediesel,205.5
2026-07-21,VIC,Melbourne,ulp91,165.5
2026-07-22,NSW,Newcastle,diesel,204.6
2026-07-22,NSW,Newcastle,e10,166.5
2026-07-22,NSW,Newcastle,p95,177.3
2026-07-22,NSW,Newcastle,prediesel,205.5
2026-07-22,NSW,Newcastle,ulp91,167.7
2026-07-22,NSW,Sydney,diesel,203.6
2026-07-22,NSW,Sydney,e10,164.5
2026-07-22,NSW,Sydney,p95,187.3
2026-07-22,NSW,Sydney,p98,184.4
2026-07-22,NSW,Sydney,prediesel,215.5
2026-07-22,NSW,Sydney,ulp91,165.9
2026-07-22,QLD,Brisbane,diesel,218.1
2026-07-22,QLD,Brisbane,e10,182.6
2026-07-22,QLD,Brisbane,p95,191.5
2026-07-22,QLD,Brisbane,p98,193.0
2026-07-22,QLD,Brisbane,ulp91,178.8
2026-07-22,QLD,Gladstone,diesel,214.1
2026-07-22,QLD,Gladstone,p95,186.4
2026-07-22,QLD,Gladstone,ulp91,178.2
2026-07-22,QLD,Mackay,diesel,208.0
2026-07-22,QLD,Mackay,e10,172.6
2026-07-22,QLD,Mackay,p95,181.7
2026-07-22,QLD,Mackay,ulp91,172.9
2026-07-22,SA,Birkenhead,diesel,202.5
2026-07-22,SA,Birkenhead,p95,174.8
2026-07-22,SA,Birkenhead,p98,184.3
2026-07-22,SA,Birkenhead,prediesel,203.7
2026-07-22,SA,Birkenhead,ulp91,168.3
2026-07-22,VIC,Melbourne,diesel,204.3
2026-07-22,VIC,Melbourne,e10,165.7
2026-07-22,VIC,Melbourne,p95,176.0
2026-07-22,VIC,Melbourne,p98,183.7
2026-07-22,VIC,Melbourne,prediesel,205.2
2026-07-22,VIC,Melbourne,ulp91,166.5
2026-07-23,NSW,Newcastle,diesel,204.6
2026-07-23,NSW,Newcastle,e10,166.5
2026-07-23,NSW,Newcastle,p95,177.3
2026-07-23,NSW,Newcastle,prediesel,205.5
2026-07-23,NSW,Newcastle,ulp91,167.7
2026-07-23,NSW,Sydney,diesel,203.6
2026-07-23,NSW,Sydney,e10,164.5
2026-07-23,NSW,Sydney,p95,187.3
2026-07-23,NSW,Sydney,p98,184.4
2026-07-23,NSW,Sydney,prediesel,215.5
2026-07-23,NSW,Sydney,ulp91,165.9
2026-07-23,QLD,Brisbane,diesel,218.1
2026-07-23,QLD,Brisbane,e10,182.6
2026-07-23,QLD,Brisbane,p95,191.5
2026-07-23,QLD,Brisbane,p98,193.0
2026-07-23,QLD,Brisbane,ulp91,178.8
2026-07-23,QLD,Gladstone,diesel,214.1
2026-07-23,QLD,Gladstone,p95,186.4
2026-07-23,QLD,Gladstone,ulp91,178.2
2026-07-23,QLD,Mackay,diesel,208.0
2026-07-23,QLD,Mackay,e10,172.6
2026-07-23,QLD,Mackay,p95,181.7
2026-07-23,QLD,Mackay,ulp91,172.9
2026-07-23,SA,Birkenhead,diesel,202.5
2026-07-23,SA,Birkenhead,p95,174.8
2026-07-23,SA,Birkenhead,p98,184.3
2026-07-23,SA,Birkenhead,prediesel,203.7
2026-07-23,SA,Birkenhead,ulp91,168.3
2026-07-23,VIC,Melbourne,diesel,204.3
2026-07-23,VIC,Melbourne,e10,165.7
2026-07-23,VIC,Melbourne,p95,176.0
2026-07-23,VIC,Melbourne,p98,183.7
2026-07-23,VIC,Melbourne,prediesel,205.2
2026-07-23,VIC,Melbourne,ulp91,166.5
2026-07-24,NSW,Newcastle,diesel,212.7
2026-07-24,NSW,Newcastle,e10,172.8
2026-07-24,NSW,Newcastle,p95,184.5
2026-07-24,NSW,Newcastle,prediesel,213.6
2026-07-24,NSW,Newcastle,ulp91,174.5
2026-07-24,NSW,Sydney,diesel,211.7
2026-07-24,NSW,Sydney,e10,170.8
2026-07-24,NSW,Sydney,p95,194.6
2026-07-24,NSW,Sydney,p98,191.6
2026-07-24,NSW,Sydney,prediesel,223.5
2026-07-24,NSW,Sydney,ulp91,172.8
2026-07-24,QLD,Brisbane,diesel,223.7
2026-07-24,QLD,Brisbane,e10,188.1
2026-07-24,QLD,Brisbane,p95,196.8
2026-07-24,QLD,Brisbane,p98,198.3
2026-07-24,QLD,Brisbane,ulp91,184.2
2026-07-24,QLD,Gladstone,diesel,222.2
2026-07-24,QLD,Gladstone,p95,193.7
2026-07-24,QLD,Gladstone,ulp91,185.1
2026-07-24,QLD,Mackay,diesel,216.1
2026-07-24,QLD,Mackay,e10,178.9
2026-07-24,QLD,Mackay,p95,188.9
2026-07-24,QLD,Mackay,ulp91,179.8
2026-07-24,SA,Birkenhead,diesel,210.5
2026-07-24,SA,Birkenhead,p95,182.0
2026-07-24,SA,Birkenhead,p98,191.5
2026-07-24,SA,Birkenhead,prediesel,211.8
2026-07-24,SA,Birkenhead,ulp91,175.2
2026-07-24,VIC,Melbourne,diesel,212.4
2026-07-24,VIC,Melbourne,e10,172.0
2026-07-24,VIC,Melbourne,p95,183.2
2026-07-24,VIC,Melbourne,p98,190.9
2026-07-24,VIC,Melbourne,prediesel,213.3
2026-07-24,VIC,Melbourne,ulp91,173.3
2026-07-25,NSW,Newcastle,diesel,212.7
2026-07-25,NSW,Newcastle,e10,172.8
2026-07-25,NSW,Newcastle,p95,184.5
2026-07-25,NSW,Newcastle,prediesel,213.6
2026-07-25,NSW,Newcastle,ulp91,174.5
2026-07-25,NSW,Sydney,diesel,211.7
2026-07-25,NSW,Sydney,e10,170.8
2026-07-25,NSW,Sydney,p95,194.6
2026-07-25,NSW,Sydney,p98,191.6
2026-07-25,NSW,Sydney,prediesel,223.5
2026-07-25,NSW,Sydney,ulp91,172.8
2026-07-25,QLD,Brisbane,diesel,223.7
2026-07-25,QLD,Brisbane,e10,188.1
2026-07-25,QLD,Brisbane,p95,196.8
2026-07-25,QLD,Brisbane,p98,198.3
2026-07-25,QLD,Brisbane,ulp91,184.2
2026-07-25,QLD,Gladstone,diesel,222.2
2026-07-25,QLD,Gladstone,p95,193.7
2026-07-25,QLD,Gladstone,ulp91,185.1
2026-07-25,QLD,Mackay,diesel,216.1
2026-07-25,QLD,Mackay,e10,178.9
2026-07-25,QLD,Mackay,p95,188.9
2026-07-25,QLD,Mackay,ulp91,179.8
2026-07-25,SA,Birkenhead,diesel,210.5
2026-07-25,SA,Birkenhead,p95,182.0
2026-07-25,SA,Birkenhead,p98,191.5
2026-07-25,SA,Birkenhead,prediesel,211.8
2026-07-25,SA,Birkenhead,ulp91,175.2
2026-07-25,VIC,Melbourne,diesel,212.4
2026-07-25,VIC,Melbourne,e10,172.0
2026-07-25,VIC,Melbourne,p95,183.2
2026-07-25,VIC,Melbourne,p98,190.9
2026-07-25,VIC,Melbourne,prediesel,213.3
2026-07-25,VIC,Melbourne,ulp91,173.3
2026-07-26,NSW,Newcastle,diesel,212.7
2026-07-26,NSW,Newcastle,e10,172.8
2026-07-26,NSW,Newcastle,p95,184.5
2026-07-26,NSW,Newcastle,prediesel,213.6
2026-07-26,NSW,Newcastle,ulp91,174.5
2026-07-26,NSW,Sydney,diesel,211.7
2026-07-26,NSW,Sydney,e10,170.8
2026-07-26,NSW,Sydney,p95,194.6
2026-07-26,NSW,Sydney,p98,191.6
2026-07-26,NSW,Sydney,prediesel,223.5
2026-07-26,NSW,Sydney,ulp91,172.8
2026-07-26,QLD,Brisbane,diesel,223.7
2026-07-26,QLD,Brisbane,e10,188.1
2026-07-26,QLD,Brisbane,p95,196.8
2026-07-26,QLD,Brisbane,p98,198.3
2026-07-26,QLD,Brisbane,ulp91,184.2
2026-07-26,QLD,Gladstone,diesel,222.2
2026-07-26,QLD,Gladstone,p95,193.7
2026-07-26,QLD,Gladstone,ulp91,185.1
2026-07-26,QLD,Mackay,diesel,216.1
2026-07-26,QLD,Mackay,e10,178.9
2026-07-26,QLD,Mackay,p95,188.9
2026-07-26,QLD,Mackay,ulp91,179.8
2026-07-26,SA,Birkenhead,diesel,210.5
2026-07-26,SA,Birkenhead,p95,182.0
2026-07-26,SA,Birkenhead,p98,191.5
2026-07-26,SA,Birkenhead,prediesel,211.8
2026-07-26,SA,Birkenhead,ulp91,175.2
2026-07-26,VIC,Melbourne,diesel,212.4
2026-07-26,VIC,Melbourne,e10,172.0
2026-07-26,VIC,Melbourne,p95,183.2
2026-07-26,VIC,Melbourne,p98,190.9
2026-07-26,VIC,Melbourne,prediesel,213.3
2026-07-26,VIC,Melbourne,ulp91,173.3
2026-07-27,NSW,Newcastle,diesel,216.1
2026-07-27,NSW,Newcastle,e10,175.2
2026-07-27,NSW,Newcastle,p95,187.0
2026-07-27,NSW,Newcastle,prediesel,217.0
2026-07-27,NSW,Newcastle,ulp91,177.0
2026-07-27,NSW,Sydney,diesel,215.0
2026-07-27,NSW,Sydney,e10,173.2
2026-07-27,NSW,Sydney,p95,197.1
2026-07-27,NSW,Sydney,p98,194.2
2026-07-27,NSW,Sydney,prediesel,226.9
2026-07-27,NSW,Sydney,ulp91,175.3
2026-07-27,QLD,Brisbane,diesel,226.2
2026-07-27,QLD,Brisbane,e10,190.0
2026-07-27,QLD,Brisbane,p95,198.7
2026-07-27,QLD,Brisbane,p98,200.1
2026-07-27,QLD,Brisbane,ulp91,186.2
2026-07-27,QLD,Gladstone,diesel,225.6
2026-07-27,QLD,Gladstone,p95,196.2
2026-07-27,QLD,Gladstone,ulp91,187.7
2026-07-27,QLD,Mackay,diesel,219.5
2026-07-27,QLD,Mackay,e10,181.3
2026-07-27,QLD,Mackay,p95,191.5
2026-07-27,QLD,Mackay,ulp91,182.3
2026-07-27,SA,Birkenhead,diesel,213.9
2026-07-27,SA,Birkenhead,p95,184.5
2026-07-27,SA,Birkenhead,p98,194.1
2026-07-27,SA,Birkenhead,prediesel,215.1
2026-07-27,SA,Birkenhead,ulp91,177.7
2026-07-27,VIC,Melbourne,diesel,215.8
2026-07-27,VIC,Melbourne,e10,174.4
2026-07-27,VIC,Melbourne,p95,185.7
2026-07-27,VIC,Melbourne,p98,193.4
2026-07-27,VIC,Melbourne,prediesel,216.7
2026-07-27,VIC,Melbourne,ulp91,175.8
2026-07-28,NSW,Newcastle,diesel,217.3
2026-07-28,NSW,Newcastle,e10,175.7
2026-07-28,NSW,Newcastle,p95,187.5
2026-07-28,NSW,Newcastle,prediesel,218.2
2026-07-28,NSW,Newcastle,ulp91,177.7
2026-07-28,NSW,Sydney,diesel,216.2
2026-07-28,NSW,Sydney,e10,173.7
2026-07-28,NSW,Sydney,p95,197.6
2026-07-28,NSW,Sydney,p98,194.6
2026-07-28,NSW,Sydney,prediesel,228.1
2026-07-28,NSW,Sydney,ulp91,176.0
2026-07-28,QLD,Brisbane,diesel,228.0
2026-07-28,QLD,Brisbane,e10,191.3
2026-07-28,QLD,Brisbane,p95,202.2
2026-07-28,QLD,Brisbane,p98,203.6
2026-07-28,QLD,Brisbane,ulp91,187.4
2026-07-28,QLD,Gladstone,diesel,217.6
2026-07-28,QLD,Gladstone,p95,196.2
2026-07-28,QLD,Gladstone,prediesel,218.7
2026-07-28,QLD,Gladstone,ulp91,187.7
2026-07-28,QLD,Mackay,diesel,219.2
2026-07-28,QLD,Mackay,e10,180.5
2026-07-28,QLD,Mackay,p95,190.8
2026-07-28,QLD,Mackay,ulp91,181.5
2026-07-28,SA,Birkenhead,diesel,215.1
2026-07-28,SA,Birkenhead,p95,185.0
2026-07-28,SA,Birkenhead,p98,194.5
2026-07-28,SA,Birkenhead,prediesel,216.3
2026-07-28,SA,Birkenhead,ulp91,178.3
2026-07-28,VIC,Melbourne,diesel,217.0
2026-07-28,VIC,Melbourne,e10,174.9
2026-07-28,VIC,Melbourne,p95,186.2
2026-07-28,VIC,Melbourne,p98,193.9
2026-07-28,VIC,Melbourne,prediesel,217.9
2026-07-28,VIC,Melbourne,ulp91,176.5
2026-07-29,NSW,Newcastle,diesel,217.4
2026-07-29,NSW,Newcastle,e10,176.5
2026-07-29,NSW,Newcastle,p95,187.0
2026-07-29,NSW,Newcastle,prediesel,218.2
2026-07-29,NSW,Newcastle,ulp91,177.6
2026-07-29,NSW,Sydney,diesel,216.3
2026-07-29,NSW,Sydney,e10,174.5
2026-07-29,NSW,Sydney,p95,197.1
2026-07-29,NSW,Sydney,p98,194.1
2026-07-29,NSW,Sydney,prediesel,228.2
2026-07-29,NSW,Sydney,ulp91,175.9
2026-07-29,QLD,Brisbane,diesel,228.7
2026-07-29,QLD,Brisbane,e10,192.2
2026-07-29,QLD,Brisbane,p95,202.8
2026-07-29,QLD,Brisbane,p98,204.3
2026-07-29,QLD,Brisbane,ulp91,188.3
2026-07-29,QLD,Gladstone,diesel,218.4
2026-07-29,QLD,Gladstone,p95,196.2
2026-07-29,QLD,Gladstone,prediesel,219.5
2026-07-29,QLD,Gladstone,ulp91,187.7
2026-07-29,QLD,Mackay,diesel,220.0
2026-07-29,QLD,Mackay,e10,181.4
2026-07-29,QLD,Mackay,p95,191.7
2026-07-29,QLD,Mackay,ulp91,182.5
2026-07-29,SA,Birkenhead,diesel,215.2
2026-07-29,SA,Birkenhead,p95,184.5
2026-07-29,SA,Birkenhead,p98,194.1
2026-07-29,SA,Birkenhead,prediesel,216.4
2026-07-29,SA,Birkenhead,ulp91,178.3
2026-07-29,VIC,Melbourne,diesel,217.1
2026-07-29,VIC,Melbourne,e10,175.7
2026-07-29,VIC,Melbourne,p95,185.7
2026-07-29,VIC,Melbourne,p98,193.4
2026-07-29,VIC,Melbourne,prediesel,217.9
2026-07-29,VIC,Melbourne,ulp91,176.4
2026-07-30,NSW,Newcastle,diesel,216.8
2026-07-30,NSW,Newcastle,e10,176.1
2026-07-30,NSW,Newcastle,p95,186.7
2026-07-30,NSW,Newcastle,prediesel,217.6
2026-07-30,NSW,Newcastle,ulp91,177.2
2026-07-30,NSW,Sydney,diesel,215.7
2026-07-30,NSW,Sydney,e10,174.1
2026-07-30,NSW,Sydney,p95,196.8
2026-07-30,NSW,Sydney,p98,193.8
2026-07-30,NSW,Sydney,prediesel,227.6
2026-07-30,NSW,Sydney,ulp91,175.5
2026-07-30,QLD,Brisbane,diesel,229.9
2026-07-30,QLD,Brisbane,e10,192.7
2026-07-30,QLD,Brisbane,p95,203.2
2026-07-30,QLD,Brisbane,p98,204.6
2026-07-30,QLD,Brisbane,ulp91,188.8
2026-07-30,QLD,Gladstone,diesel,219.6
2026-07-30,QLD,Gladstone,p95,196.2
2026-07-30,QLD,Gladstone,prediesel,220.7
2026-07-30,QLD,Gladstone,ulp91,187.7
2026-07-30,QLD,Mackay,diesel,221.2
2026-07-30,QLD,Mackay,e10,181.9
2026-07-30,QLD,Mackay,p95,192.1
2026-07-30,QLD,Mackay,ulp91,183.0
2026-07-30,SA,Birkenhead,diesel,214.6
2026-07-30,SA,Birkenhead,p95,184.2
2026-07-30,SA,Birkenhead,p98,193.7
2026-07-30,SA,Birkenhead,prediesel,215.8
2026-07-30,SA,Birkenhead,ulp91,177.9
2026-07-30,VIC,Melbourne,diesel,216.5
2026-07-30,VIC,Melbourne,e10,175.3
2026-07-30,VIC,Melbourne,p95,185.4
2026-07-30,VIC,Melbourne,p98,193.1
2026-07-30,VIC,Melbourne,prediesel,217.3
2026-07-30,VIC,Melbourne,ulp91,176.0
2026-07-31,NSW,Newcastle,diesel,218.2
2026-07-31,NSW,Newcastle,e10,176.7
2026-07-31,NSW,Newcastle,p95,187.2
2026-07-31,NSW,Newcastle,prediesel,219.0
2026-07-31,NSW,Newcastle,ulp91,177.9
2026-07-31,NSW,Sydney,diesel,216.3
2026-07-31,NSW,Sydney,e10,175.0
2026-07-31,NSW,Sydney,p95,196.7
2026-07-31,NSW,Sydney,p98,192.9
2026-07-31,NSW,Sydney,prediesel,229.0
2026-07-31,NSW,Sydney,ulp91,176.2
2026-07-31,QLD,Brisbane,diesel,231.3
2026-07-31,QLD,Brisbane,e10,193.4
2026-07-31,QLD,Brisbane,p95,203.7
2026-07-31,QLD,Brisbane,p98,205.1
2026-07-31,QLD,Brisbane,ulp91,189.5
2026-07-31,QLD,Gladstone,diesel,227.7
2026-07-31,QLD,Gladstone,p95,196.2
2026-07-31,QLD,Gladstone,prediesel,228.8
2026-07-31,QLD,Gladstone,ulp91,187.7
2026-07-31,QLD,Mackay,diesel,221.2
2026-07-31,QLD,Mackay,e10,181.5
2026-07-31,QLD,Mackay,p95,191.5
2026-07-31,QLD,Mackay,ulp91,182.6
2026-07-31,SA,Birkenhead,diesel,216.0
2026-07-31,SA,Birkenhead,p95,184.7
2026-07-31,SA,Birkenhead,p98,194.3
2026-07-31,SA,Birkenhead,prediesel,217.2
2026-07-31,SA,Birkenhead,ulp91,178.5
2026-07-31,VIC,Melbourne,diesel,219.5
2026-07-31,VIC,Melbourne,e10,177.5
2026-07-31,VIC,Melbourne,p95,187.9
2026-07-31,VIC,Melbourne,p98,195.6
2026-07-31,VIC,Melbourne,prediesel,220.4
2026-07-31,VIC,Melbourne,ulp91,178.3
2026-08-01,NSW,Newcastle,diesel,218.2
2026-08-01,NSW,Newcastle,e10,176.7
2026-08-01,NSW,Newcastle,p95,187.2
2026-08-01,NSW,Newcastle,prediesel,219.0
2026-08-01,NSW,Newcastle,ulp91,177.9
2026-08-01,NSW,Sydney,diesel,216.3
2026-08-01,NSW,Sydney,e10,175.0
2026-08-01,NSW,Sydney,p95,196.7
2026-08-01,NSW,Sydney,p98,192.9
2026-08-01,NSW,Sydney,prediesel,229.0
2026-08-01,NSW,Sydney,ulp91,176.2
2026-08-01,QLD,Brisbane,diesel,231.3
2026-08-01,QLD,Brisbane,e10,193.4
2026-08-01,QLD,Brisbane,p95,203.7
2026-08-01,QLD,Brisbane,p98,205.1
2026-08-01,QLD,Brisbane,ulp91,189.5
2026-08-01,QLD,Gladstone,diesel,227.7
2026-08-01,QLD,Gladstone,p95,196.2
2026-08-01,QLD,Gladstone,prediesel,228.8
2026-08-01,QLD,Gladstone,ulp91,187.7
2026-08-01,QLD,Mackay,diesel,221.2
2026-08-01,QLD,Mackay,e10,181.5
2026-08-01,QLD,Mackay,p95,191.5
2026-08-01,QLD,Mackay,ulp91,182.6
2026-08-01,SA,Birkenhead,diesel,216.0
2026-08-01,SA,Birkenhead,p95,184.7
2026-08-01,SA,Birkenhead,p98,194.3
2026-08-01,SA,Birkenhead,prediesel,217.2
2026-08-01,SA,Birkenhead,ulp91,178.5
2026-08-01,VIC,Melbourne,diesel,219.5
2026-08-01,VIC,Melbourne,e10,177.5
2026-08-01,VIC,Melbourne,p95,187.9
2026-08-01,VIC,Melbourne,p98,195.6
2026-08-01,VIC,Melbourne,prediesel,220.4
2026-08-01,VIC,Melbourne,ulp91,178.3
2026-08-02,NSW,Newcastle,diesel,218.2
2026-08-02,NSW,Newcastle,e10,176.7
2026-08-02,NSW,Newcastle,p95,187.2
2026-08-02,NSW,Newcastle,prediesel,219.0
2026-08-02,NSW,Newcastle,ulp91,177.9
2026-08-02,NSW,Sydney,diesel,216.3
2026-08-02,NSW,Sydney,e10,175.0
2026-08-02,NSW,Sydney,p95,196.7
2026-08-02,NSW,Sydney,p98,192.9
2026-08-02,NSW,Sydney,prediesel,229.0
2026-08-02,NSW,Sydney,ulp91,176.2
2026-08-02,QLD,Brisbane,diesel,231.3
2026-08-02,QLD,Brisbane,e10,193.4
2026-08-02,QLD,Brisbane,p95,203.7
2026-08-02,QLD,Brisbane,p98,205.1
2026-08-02,QLD,Brisbane,ulp91,189.5
2026-08-02,QLD,Gladstone,diesel,227.7
2026-08-02,QLD,Gladstone,p95,196.2
2026-08-02,QLD,Gladstone,prediesel,228.8
2026-08-02,QLD,Gladstone,ulp91,187.7
2026-08-02,QLD,Mackay,diesel,221.2
2026-08-02,QLD,Mackay,e10,181.5
2026-08-02,QLD,Mackay,p95,191.5
2026-08-02,QLD,Mackay,ulp91,182.6
2026-08-02,SA,Birkenhead,diesel,216.0
2026-08-02,SA,Birkenhead,p95,184.7
2026-08-02,SA,Birkenhead,p98,194.3
2026-08-02,SA,Birkenhead,prediesel,217.2
2026-08-02,SA,Birkenhead,ulp91,178.5
2026-08-02,VIC,Melbourne,diesel,219.5
2026-08-02,VIC,Melbourne,e10,177.5
2026-08-02,VIC,Melbourne,p95,187.9
2026-08-02,VIC,Melbourne,p98,195.6
2026-08-02,VIC,Melbourne,prediesel,220.4
2026-08-02,VIC,Melbourne,ulp91,178.3
2026-08-03,NSW,Newcastle,diesel,236.5
2026-08-03,NSW,Newcastle,e10,193.5
2026-08-03,NSW,Newcastle,p95,205.0
2026-08-03,NSW,Newcastle,prediesel,237.3
2026-08-03,NSW,Newcastle,ulp91,195.8
2026-08-03,NSW,Sydney,diesel,234.6
2026-08-03,NSW,Sydney,e10,191.8
2026-08-03,NSW,Sydney,p95,214.5
2026-08-03,NSW,Sydney,p98,210.6
2026-08-03,NSW,Sydney,prediesel,247.3
2026-08-03,NSW,Sydney,ulp91,194.1
2026-08-03,QLD,Brisbane,diesel,249.5
2026-08-03,QLD,Brisbane,e10,209.7
2026-08-03,QLD,Brisbane,p95,221.2
2026-08-03,QLD,Brisbane,p98,222.7
2026-08-03,QLD,Brisbane,ulp91,207.1
2026-08-03,QLD,Gladstone,diesel,227.1
2026-08-03,QLD,Gladstone,p95,196.2
2026-08-03,QLD,Gladstone,prediesel,228.2
2026-08-03,QLD,Gladstone,ulp91,187.7
2026-08-03,QLD,Mackay,diesel,239.4
2026-08-03,QLD,Mackay,e10,197.8
2026-08-03,QLD,Mackay,p95,209.3
2026-08-03,QLD,Mackay,ulp91,200.2
2026-08-03,SA,Birkenhead,diesel,234.3
2026-08-03,SA,Birkenhead,p95,202.4
2026-08-03,SA,Birkenhead,p98,212.0
2026-08-03,SA,Birkenhead,prediesel,235.5
2026-08-03,SA,Birkenhead,ulp91,196.5
2026-08-03,VIC,Melbourne,diesel,237.9
2026-08-03,VIC,Melbourne,e10,194.3
2026-08-03,VIC,Melbourne,p95,205.6
2026-08-03,VIC,Melbourne,p98,213.3
2026-08-03,VIC,Melbourne,prediesel,238.8
2026-08-03,VIC,Melbourne,ulp91,196.2
2026-08-04,NSW,Newcastle,diesel,235.0
2026-08-04,NSW,Newcastle,e10,191.5
2026-08-04,NSW,Newcastle,p95,202.3
2026-08-04,NSW,Newcastle,prediesel,235.9
2026-08-04,NSW,Newcastle,ulp91,193.6
2026-08-04,NSW,Sydney,diesel,233.2
2026-08-04,NSW,Sydney,e10,189.7
2026-08-04,NSW,Sydney,p95,211.8
2026-08-04,NSW,Sydney,p98,208.0
2026-08-04,NSW,Sydney,prediesel,245.8
2026-08-04,NSW,Sydney,ulp91,191.9
2026-08-04,QLD,Brisbane,diesel,248.0
2026-08-04,QLD,Brisbane,e10,207.3
2026-08-04,QLD,Brisbane,p95,218.6
2026-08-04,QLD,Brisbane,p98,220.0
2026-08-04,QLD,Brisbane,ulp91,204.8
2026-08-04,QLD,Gladstone,diesel,244.5
2026-08-04,QLD,Gladstone,p95,196.2
2026-08-04,QLD,Gladstone,prediesel,245.6
2026-08-04,QLD,Gladstone,ulp91,187.7
2026-08-04,QLD,Mackay,diesel,237.9
2026-08-04,QLD,Mackay,e10,195.6
2026-08-04,QLD,Mackay,p95,207.1
2026-08-04,QLD,Mackay,ulp91,197.9
2026-08-04,SA,Birkenhead,diesel,232.9
2026-08-04,SA,Birkenhead,p95,199.8
2026-08-04,SA,Birkenhead,p98,209.4
2026-08-04,SA,Birkenhead,prediesel,234.1
2026-08-04,SA,Birkenhead,ulp91,194.2
2026-08-04,VIC,Melbourne,diesel,236.4
2026-08-04,VIC,Melbourne,e10,192.3
2026-08-04,VIC,Melbourne,p95,203.0
2026-08-04,VIC,Melbourne,p98,210.7
2026-08-04,VIC,Melbourne,prediesel,237.3
2026-08-04,VIC,Melbourne,ulp91,194.0
2026-08-05,NSW,Newcastle,diesel,232.6
2026-08-05,NSW,Newcastle,e10,191.0
2026-08-05,NSW,Newcastle,p95,200.5
2026-08-05,NSW,Newcastle,prediesel,233.5
2026-08-05,NSW,Newcastle,ulp91,191.9
2026-08-05,NSW,Sydney,diesel,230.8
2026-08-05,NSW,Sydney,e10,189.3
2026-08-05,NSW,Sydney,p95,210.0
2026-08-05,NSW,Sydney,p98,206.1
2026-08-05,NSW,Sydney,prediesel,243.4
2026-08-05,NSW,Sydney,ulp91,190.2
2026-08-05,QLD,Brisbane,diesel,245.5
2026-08-05,QLD,Brisbane,e10,205.4
2026-08-05,QLD,Brisbane,p95,216.7
2026-08-05,QLD,Brisbane,p98,218.1
2026-08-05,QLD,Brisbane,ulp91,202.8
2026-08-05,QLD,Gladstone,diesel,242.0
2026-08-05,QLD,Gladstone,p95,196.2
2026-08-05,QLD,Gladstone,prediesel,243.1
2026-08-05,QLD,Gladstone,ulp91,187.7
2026-08-05,QLD,Mackay,diesel,235.5
2026-08-05,QLD,Mackay,e10,193.6
2026-08-05,QLD,Mackay,p95,205.4
2026-08-05,QLD,Mackay,ulp91,196.0
2026-08-05,SA,Birkenhead,diesel,230.5
2026-08-05,SA,Birkenhead,p95,198.0
2026-08-05,SA,Birkenhead,p98,207.5
2026-08-05,SA,Birkenhead,prediesel,231.7
2026-08-05,SA,Birkenhead,ulp91,192.5
2026-08-05,VIC,Melbourne,diesel,234.0
2026-08-05,VIC,Melbourne,e10,191.8
2026-08-05,VIC,Melbourne,p95,201.1
2026-08-05,VIC,Melbourne,p98,208.8
2026-08-05,VIC,Melbourne,prediesel,234.9
2026-08-05,VIC,Melbourne,ulp91,192.3
2026-08-06,NSW,Newcastle,diesel,230.3
2026-08-06,NSW,Newcastle,e10,188.9
2026-08-06,NSW,Newcastle,p95,198.1
2026-08-06,NSW,Newcastle,prediesel,231.2
2026-08-06,NSW,Newcastle,ulp91,189.6
2026-08-06,NSW,Sydney,diesel,228.5
2026-08-06,NSW,Sydney,e10,187.2
2026-08-06,NSW,Sydney,p95,207.6
2026-08-06,NSW,Sydney,p98,203.7
2026-08-06,NSW,Sydney,prediesel,241.2
2026-08-06,NSW,Sydney,ulp91,187.8
2026-08-06,QLD,Brisbane,diesel,242.8
2026-08-06,QLD,Brisbane,e10,203.1
2026-08-06,QLD,Brisbane,p95,214.4
2026-08-06,QLD,Brisbane,p98,215.9
2026-08-06,QLD,Brisbane,ulp91,200.6
2026-08-06,QLD,Gladstone,diesel,240.0
2026-08-06,QLD,Gladstone,p95,196.2
2026-08-06,QLD,Gladstone,prediesel,241.0
2026-08-06,QLD,Gladstone,ulp91,187.7
2026-08-06,QLD,Mackay,diesel,233.4
2026-08-06,QLD,Mackay,e10,191.4
2026-08-06,QLD,Mackay,p95,203.2
2026-08-06,QLD,Mackay,ulp91,193.7
2026-08-06,SA,Birkenhead,diesel,228.2
2026-08-06,SA,Birkenhead,p95,195.6
2026-08-06,SA,Birkenhead,p98,205.1
2026-08-06,SA,Birkenhead,prediesel,229.4
2026-08-06,SA,Birkenhead,ulp91,190.2
2026-08-06,VIC,Melbourne,diesel,231.8
2026-08-06,VIC,Melbourne,e10,189.7
2026-08-06,VIC,Melbourne,p95,198.7
2026-08-06,VIC,Melbourne,p98,206.4
2026-08-06,VIC,Melbourne,prediesel,232.6
2026-08-06,VIC,Melbourne,ulp91,190.0
2026-08-07,NSW,Newcastle,diesel,228.6
2026-08-07,NSW,Newcastle,e10,187.2
2026-08-07,NSW,Newcastle,p95,196.1
2026-08-07,NSW,Newcastle,prediesel,229.5
2026-08-07,NSW,Newcastle,ulp91,187.7
2026-08-07,NSW,Sydney,diesel,226.8
2026-08-07,NSW,Sydney,e10,185.5
2026-08-07,NSW,Sydney,p95,205.6
2026-08-07,NSW,Sydney,p98,201.7
2026-08-07,NSW,Sydney,prediesel,239.4
2026-08-07,NSW,Sydney,ulp91,185.9
2026-08-07,QLD,Brisbane,diesel,241.0
2026-08-07,QLD,Brisbane,e10,201.2
2026-08-07,QLD,Brisbane,p95,212.5
2026-08-07,QLD,Brisbane,p98,213.9
2026-08-07,QLD,Brisbane,ulp91,198.6
2026-08-07,QLD,Gladstone,diesel,238.3
2026-08-07,QLD,Gladstone,p95,196.2
2026-08-07,QLD,Gladstone,prediesel,239.4
2026-08-07,QLD,Gladstone,ulp91,187.7
2026-08-07,QLD,Mackay,diesel,231.8
2026-08-07,QLD,Mackay,e10,189.5
2026-08-07,QLD,Mackay,p95,201.4
2026-08-07,QLD,Mackay,ulp91,191.8
2026-08-07,SA,Birkenhead,diesel,226.5
2026-08-07,SA,Birkenhead,p95,193.6
2026-08-07,SA,Birkenhead,p98,203.1
2026-08-07,SA,Birkenhead,prediesel,227.7
2026-08-07,SA,Birkenhead,ulp91,188.3
2026-08-07,VIC,Melbourne,diesel,230.0
2026-08-07,VIC,Melbourne,e10,188.0
2026-08-07,VIC,Melbourne,p95,196.8
2026-08-07,VIC,Melbourne,p98,204.5
2026-08-07,VIC,Melbourne,prediesel,230.9
2026-08-07,VIC,Melbourne,ulp91,188.1
2026-08-08,NSW,Newcastle,diesel,228.6
2026-08-08,NSW,Newcastle,e10,187.2
2026-08-08,NSW,Newcastle,p95,196.1
2026-08-08,NSW,Newcastle,prediesel,229.5
2026-08-08,NSW,Newcastle,ulp91,187.7
2026-08-08,NSW,Sydney,diesel,226.8
2026-08-08,NSW,Sydney,e10,185.5
2026-08-08,NSW,Sydney,p95,205.6
2026-08-08,NSW,Sydney,p98,201.7
2026-08-08,NSW,Sydney,prediesel,239.4
2026-08-08,NSW,Sydney,ulp91,185.9
2026-08-08,QLD,Brisbane,diesel,241.0
2026-08-08,QLD,Brisbane,e10,201.2
2026-08-08,QLD,Brisbane,p95,212.5
2026-08-08,QLD,Brisbane,p98,213.9
2026-08-08,QLD,Brisbane,ulp91,198.6
2026-08-08,QLD,Gladstone,diesel,238.3
2026-08-08,QLD,Gladstone,p95,196.2
2026-08-08,QLD,Gladstone,prediesel,239.4
2026-08-08,QLD,Gladstone,ulp91,187.7
2026-08-08,QLD,Mackay,diesel,231.8
2026-08-08,QLD,Mackay,e10,189.5
2026-08-08,QLD,Mackay,p95,201.4
2026-08-08,QLD,Mackay,ulp91,191.8
2026-08-08,SA,Birkenhead,diesel,226.5
2026-08-08,SA,Birkenhead,p95,193.6
2026-08-08,SA,Birkenhead,p98,203.1
2026-08-08,SA,Birkenhead,prediesel,227.7
2026-08-08,SA,Birkenhead,ulp91,188.3
2026-08-08,VIC,Melbourne,diesel,230.0
2026-08-08,VIC,Melbourne,e10,188.0
2026-08-08,VIC,Melbourne,p95,196.8
2026-08-08,VIC,Melbourne,p98,204.5
2026-08-08,VIC,Melbourne,prediesel,230.9
2026-08-08,VIC,Melbourne,ulp91,188.1
2026-08-09,NSW,Newcastle,diesel,228.6
2026-08-09,NSW,Newcastle,e10,187.2
2026-08-09,NSW,Newcastle,p95,196.1
2026-08-09,NSW,Newcastle,prediesel,229.5
2026-08-09,NSW,Newcastle,ulp91,187.7
2026-08-09,NSW,Sydney,diesel,226.8
2026-08-09,NSW,Sydney,e10,185.5
2026-08-09,NSW,Sydney,p95,205.6
2026-08-09,NSW,Sydney,p98,201.7
2026-08-09,NSW,Sydney,prediesel,239.4
2026-08-09,NSW,Sydney,ulp91,185.9
2026-08-09,QLD,Brisbane,diesel,241.0
2026-08-09,QLD,Brisbane,e10,201.2
2026-08-09,QLD,Brisbane,p95,212.5
2026-08-09,QLD,Brisbane,p98,213.9
2026-08-09,QLD,Brisbane,ulp91,198.6
2026-08-09,QLD,Gladstone,diesel,238.3
2026-08-09,QLD,Gladstone,p95,196.2
2026-08-09,QLD,Gladstone,prediesel,239.4
2026-08-09,QLD,Gladstone,ulp91,187.7
2026-08-09,QLD,Mackay,diesel,231.8
2026-08-09,QLD,Mackay,e10,189.5
2026-08-09,QLD,Mackay,p95,201.4
2026-08-09,QLD,Mackay,ulp91,191.8
2026-08-09,SA,Birkenhead,diesel,226.5
2026-08-09,SA,Birkenhead,p95,193.6
2026-08-09,SA,Birkenhead,p98,203.1
2026-08-09,SA,Birkenhead,prediesel,227.7
2026-08-09,SA,Birkenhead,ulp91,188.3
2026-08-09,VIC,Melbourne,diesel,230.0
2026-08-09,VIC,Melbourne,e10,188.0
2026-08-09,VIC,Melbourne,p95,196.8
2026-08-09,VIC,Melbourne,p98,204.5
2026-08-09,VIC,Melbourne,prediesel,230.9
2026-08-09,VIC,Melbourne,ulp91,188.1
2026-08-10,NSW,Newcastle,diesel,227.1
2026-08-10,NSW,Newcastle,e10,185.9
2026-08-10,NSW,Newcastle,p95,194.7
2026-08-10,NSW,Newcastle,prediesel,227.9
2026-08-10,NSW,Newcastle,ulp91,186.3
2026-08-10,NSW,Sydney,diesel,225.2
2026-08-10,NSW,Sydney,e10,184.2
2026-08-10,NSW,Sydney,p95,204.2
2026-08-10,NSW,Sydney,p98,200.3
2026-08-10,NSW,Sydney,prediesel,237.9
2026-08-10,NSW,Sydney,ulp91,184.5
2026-08-10,QLD,Brisbane,diesel,239.5
2026-08-10,QLD,Brisbane,e10,199.7
2026-08-10,QLD,Brisbane,p95,211.0
2026-08-10,QLD,Brisbane,p98,212.4
2026-08-10,QLD,Brisbane,ulp91,197.2
2026-08-10,QLD,Gladstone,diesel,236.9
2026-08-10,QLD,Gladstone,p95,196.2
2026-08-10,QLD,Gladstone,prediesel,238.0
2026-08-10,QLD,Gladstone,ulp91,187.7
2026-08-10,QLD,Mackay,diesel,230.4
2026-08-10,QLD,Mackay,e10,188.1
2026-08-10,QLD,Mackay,p95,200.1
2026-08-10,QLD,Mackay,ulp91,190.5
2026-08-10,SA,Birkenhead,diesel,224.9
2026-08-10,SA,Birkenhead,p95,192.2
2026-08-10,SA,Birkenhead,p98,201.7
2026-08-10,SA,Birkenhead,prediesel,226.1
2026-08-10,SA,Birkenhead,ulp91,186.9
2026-08-10,VIC,Melbourne,diesel,228.5
2026-08-10,VIC,Melbourne,e10,186.8
2026-08-10,VIC,Melbourne,p95,195.3
2026-08-10,VIC,Melbourne,p98,203.0
2026-08-10,VIC,Melbourne,prediesel,229.3
2026-08-10,VIC,Melbourne,ulp91,186.7
2026-08-11,NSW,Newcastle,diesel,226.8
2026-08-11,NSW,Newcastle,e10,185.7
2026-08-11,NSW,Newcastle,p95,194.4
2026-08-11,NSW,Newcastle,prediesel,227.7
2026-08-11,NSW,Newcastle,ulp91,186.0
2026-08-11,NSW,Sydney,diesel,224.9
2026-08-11,NSW,Sydney,e10,184.0
2026-08-11,NSW,Sydney,p95,203.9
2026-08-11,NSW,Sydney,p98,200.0
2026-08-11,NSW,Sydney,prediesel,237.6
2026-08-11,NSW,Sydney,ulp91,184.3
2026-08-11,QLD,Brisbane,diesel,237.5
2026-08-11,QLD,Brisbane,e10,197.8
2026-08-11,QLD,Brisbane,p95,209.0
2026-08-11,QLD,Brisbane,p98,210.4
2026-08-11,QLD,Brisbane,ulp91,195.2
2026-08-11,QLD,Gladstone,diesel,236.9
2026-08-11,QLD,Gladstone,p95,196.2
2026-08-11,QLD,Gladstone,prediesel,238.0
2026-08-11,QLD,Gladstone,ulp91,187.7
2026-08-11,QLD,Mackay,diesel,230.4
2026-08-11,QLD,Mackay,e10,188.1
2026-08-11,QLD,Mackay,p95,200.1
2026-08-11,QLD,Mackay,ulp91,190.5
2026-08-11,SA,Birkenhead,diesel,224.7
2026-08-11,SA,Birkenhead,p95,191.9
2026-08-11,SA,Birkenhead,p98,201.4
2026-08-11,SA,Birkenhead,prediesel,225.9
2026-08-11,SA,Birkenhead,ulp91,186.7
2026-08-11,VIC,Melbourne,diesel,228.2
2026-08-11,VIC,Melbourne,e10,186.5
2026-08-11,VIC,Melbourne,p95,195.1
2026-08-11,VIC,Melbourne,p98,202.8
2026-08-11,VIC,Melbourne,prediesel,229.0
2026-08-11,VIC,Melbourne,ulp91,186.5
2026-08-12,NSW,Newcastle,diesel,230.3
2026-08-12,NSW,Newcastle,e10,188.9
2026-08-12,NSW,Newcastle,p95,198.1
2026-08-12,NSW,Newcastle,prediesel,231.2
2026-08-12,NSW,Newcastle,ulp91,189.6
2026-08-12,NSW,Sydney,diesel,228.5
2026-08-12,NSW,Sydney,e10,187.2
2026-08-12,NSW,Sydney,p95,207.6
2026-08-12,NSW,Sydney,p98,203.7
2026-08-12,NSW,Sydney,prediesel,241.2
2026-08-12,NSW,Sydney,ulp91,187.8
2026-08-12,QLD,Brisbane,diesel,242.8
2026-08-12,QLD,Brisbane,e10,203.1
2026-08-12,QLD,Brisbane,p95,214.4
2026-08-12,QLD,Brisbane,p98,215.9
2026-08-12,QLD,Brisbane,ulp91,200.6
2026-08-12,QLD,Gladstone,diesel,240.0
2026-08-12,QLD,Gladstone,p95,196.2
2026-08-12,QLD,Gladstone,prediesel,241.0
2026-08-12,QLD,Gladstone,ulp91,187.7
2026-08-12,QLD,Mackay,diesel,233.4
2026-08-12,QLD,Mackay,e10,191.4
2026-08-12,QLD,Mackay,p95,203.2
2026-08-12,QLD,Mackay,ulp91,193.7
2026-08-12,SA,Birkenhead,diesel,228.2
2026-08-12,SA,Birkenhead,p95,195.6
2026-08-12,SA,Birkenhead,p98,205.1
2026-08-12,SA,Birkenhead,prediesel,229.4
2026-08-12,SA,Birkenhead,ulp91,190.2
2026-08-12,VIC,Melbourne,diesel,231.8
2026-08-12,VIC,Melbourne,e10,189.7
2026-08-12,VIC,Melbourne,p95,198.7
2026-08-12,VIC,Melbourne,p98,206.4
2026-08-12,VIC,Melbourne,prediesel,232.6
2026-08-12,VIC,Melbourne,ulp91,190.0
2026-08-13,NSW,Newcastle,diesel,225.6
2026-08-13,NSW,Newcastle,e10,185.7
2026-08-13,NSW,Newcastle,p95,192.6
2026-08-13,NSW,Newcastle,prediesel,226.5
2026-08-13,NSW,Newcastle,ulp91,184.4
2026-08-13,NSW,Sydney,diesel,223.8
2026-08-13,NSW,Sydney,e10,183.9
2026-08-13,NSW,Sydney,p95,202.1
2026-08-13,NSW,Sydney,p98,198.1
2026-08-13,NSW,Sydney,prediesel,236.5
2026-08-13,NSW,Sydney,ulp91,182.7
2026-08-13,QLD,Brisbane,diesel,237.4
2026-08-13,QLD,Brisbane,e10,197.7
2026-08-13,QLD,Brisbane,p95,208.9
2026-08-13,QLD,Brisbane,p98,210.3
2026-08-13,QLD,Brisbane,ulp91,195.1
2026-08-13,QLD,Gladstone,diesel,236.0
2026-08-13,QLD,Gladstone,p95,196.2
2026-08-13,QLD,Gladstone,prediesel,237.1
2026-08-13,QLD,Gladstone,ulp91,187.7
2026-08-13,QLD,Mackay,diesel,229.5
2026-08-13,QLD,Mackay,e10,186.5
2026-08-13,QLD,Mackay,p95,198.6
2026-08-13,QLD,Mackay,ulp91,188.8
2026-08-13,SA,Birkenhead,diesel,223.5
2026-08-13,SA,Birkenhead,p95,190.1
2026-08-13,SA,Birkenhead,p98,199.6
2026-08-13,SA,Birkenhead,prediesel,224.7
2026-08-13,SA,Birkenhead,ulp91,185.1
2026-08-13,VIC,Melbourne,diesel,227.0
2026-08-13,VIC,Melbourne,e10,186.5
2026-08-13,VIC,Melbourne,p95,193.2
2026-08-13,VIC,Melbourne,p98,200.9
2026-08-13,VIC,Melbourne,prediesel,227.9
2026-08-13,VIC,Melbourne,ulp91,184.8
2026-08-14,NSW,Newcastle,diesel,226.9
2026-08-14,NSW,Newcastle,e10,185.9
2026-08-14,NSW,Newcastle,p95,192.8
2026-08-14,NSW,Newcastle,prediesel,227.8
2026-08-14,NSW,Newcastle,ulp91,184.7
2026-08-14,NSW,Sydney,diesel,225.1
2026-08-14,NSW,Sydney,e10,184.2
2026-08-14,NSW,Sydney,p95,202.3
2026-08-14,NSW,Sydney,p98,198.3
2026-08-14,NSW,Sydney,prediesel,237.7
2026-08-14,NSW,Sydney,ulp91,182.9
2026-08-14,QLD,Brisbane,diesel,239.0
2026-08-14,QLD,Brisbane,e10,199.2
2026-08-14,QLD,Brisbane,p95,210.4
2026-08-14,QLD,Brisbane,p98,211.8
2026-08-14,QLD,Brisbane,ulp91,196.6
2026-08-14,QLD,Gladstone,diesel,236.1
2026-08-14,QLD,Gladstone,p95,196.2
2026-08-14,QLD,Gladstone,prediesel,237.2
2026-08-14,QLD,Gladstone,ulp91,187.7
2026-08-14,QLD,Mackay,diesel,229.5
2026-08-14,QLD,Mackay,e10,186.7
2026-08-14,QLD,Mackay,p95,198.8
2026-08-14,QLD,Mackay,ulp91,189.0
2026-08-14,SA,Birkenhead,diesel,224.8
2026-08-14,SA,Birkenhead,p95,190.4
2026-08-14,SA,Birkenhead,p98,199.8
2026-08-14,SA,Birkenhead,prediesel,226.0
2026-08-14,SA,Birkenhead,ulp91,185.3
2026-08-14,VIC,Melbourne,diesel,228.3
2026-08-14,VIC,Melbourne,e10,186.8
2026-08-14,VIC,Melbourne,p95,193.5
2026-08-14,VIC,Melbourne,p98,201.1
2026-08-14,VIC,Melbourne,prediesel,229.2
2026-08-14,VIC,Melbourne,ulp91,185.1
2026-08-15,NSW,Newcastle,diesel,226.9
2026-08-15,NSW,Newcastle,e10,185.9
2026-08-15,NSW,Newcastle,p95,192.8
2026-08-15,NSW,Newcastle,prediesel,227.8
2026-08-15,NSW,Newcastle,ulp91,184.7
2026-08-15,NSW,Sydney,diesel,225.1
2026-08-15,NSW,Sydney,e10,184.2
2026-08-15,NSW,Sydney,p95,202.3
2026-08-15,NSW,Sydney,p98,198.3
2026-08-15,NSW,Sydney,prediesel,237.7
2026-08-15,NSW,Sydney,ulp91,182.9
2026-08-15,QLD,Brisbane,diesel,239.0
2026-08-15,QLD,Brisbane,e10,199.2
2026-08-15,QLD,Brisbane,p95,210.4
2026-08-15,QLD,Brisbane,p98,211.8
2026-08-15,QLD,Brisbane,ulp91,196.6
2026-08-15,QLD,Gladstone,diesel,236.1
2026-08-15,QLD,Gladstone,p95,196.2
2026-08-15,QLD,Gladstone,prediesel,237.2
2026-08-15,QLD,Gladstone,ulp91,187.7
2026-08-15,QLD,Mackay,diesel,229.5
2026-08-15,QLD,Mackay,e10,186.7
2026-08-15,QLD,Mackay,p95,198.8
2026-08-15,QLD,Mackay,ulp91,189.0
2026-08-15,SA,Birkenhead,diesel,224.8
2026-08-15,SA,Birkenhead,p95,190.4
2026-08-15,SA,Birkenhead,p98,199.8
2026-08-15,SA,Birkenhead,prediesel,226.0
2026-08-15,SA,Birkenhead,ulp91,185.3
2026-08-15,VIC,Melbourne,diesel,228.3
2026-08-15,VIC,Melbourne,e10,186.8
2026-08-15,VIC,Melbourne,p95,193.5
2026-08-15,VIC,Melbourne,p98,201.1
2026-08-15,VIC,Melbourne,prediesel,229.2
2026-08-15,VIC,Melbourne,ulp91,185.1
2026-08-16,NSW,Newcastle,diesel,226.9
2026-08-16,NSW,Newcastle,e10,185.9
2026-08-16,NSW,Newcastle,p95,192.8
2026-08-16,NSW,Newcastle,prediesel,227.8
2026-08-16,NSW,Newcastle,ulp91,184.7
2026-08-16,NSW,Sydney,diesel,225.1
2026-08-16,NSW,Sydney,e10,184.2
2026-08-16,NSW,Sydney,p95,202.3
2026-08-16,NSW,Sydney,p98,198.3
2026-08-16,NSW,Sydney,prediesel,237.7
2026-08-16,NSW,Sydney,ulp91,182.9
2026-08-16,QLD,Brisbane,diesel,239.0
2026-08-16,QLD,Brisbane,e10,199.2
2026-08-16,QLD,Brisbane,p95,210.4
2026-08-16,QLD,Brisbane,p98,211.8
2026-08-16,QLD,Brisbane,ulp91,196.6
2026-08-16,QLD,Gladstone,diesel,236.1
2026-08-16,QLD,Gladstone,p95,196.2
2026-08-16,QLD,Gladstone,prediesel,237.2
2026-08-16,QLD,Gladstone,ulp91,187.7
2026-08-16,QLD,Mackay,diesel,229.5
2026-08-16,QLD,Mackay,e10,186.7
2026-08-16,QLD,Mackay,p95,198.8
2026-08-16,QLD,Mackay,ulp91,189.0
2026-08-16,SA,Birkenhead,diesel,224.8
2026-08-16,SA,Birkenhead,p95,190.4
2026-08-16,SA,Birkenhead,p98,199.8
2026-08-16,SA,Birkenhead,prediesel,226.0
2026-08-16,SA,Birkenhead,ulp91,185.3
2026-08-16,VIC,Melbourne,diesel,228.3
2026-08-16,VIC,Melbourne,e10,186.8
2026-08-16,VIC,Melbourne,p95,193.5
2026-08-16,VIC,Melbourne,p98,201.1
2026-08-16,VIC,Melbourne,prediesel,229.2
2026-08-16,VIC,Melbourne,ulp91,185.1
